INSERT INTO Categorias VALUES('28151987-e59f-417e-a5d2-a91613b54d59','ACUARELA CARTON');
INSERT INTO Categorias VALUES('a3310dea-abda-427e-9a4d-a414fb494c55','BLOCK REMISION');
INSERT INTO Categorias VALUES('f784ee08-6cb3-4b96-bf68-dbfaea95f2d4','BOLIGRAFO');
INSERT INTO Categorias VALUES('2c08cd4d-358d-4606-8a08-2cf49f5ba198','CARTULINA');
INSERT INTO Categorias VALUES('98aaacb9-8409-4f6f-a7e4-f2be0cc54a5c','PAPEL CASCARON');
INSERT INTO Categorias VALUES('eb79f421-84de-4c75-96fa-09bb2fb6e5ae','CINTA ADESIVA');
INSERT INTO Categorias VALUES('46a98adb-e780-4837-b598-eab127e1e928','CLIP');
INSERT INTO Categorias VALUES('b78f95df-3410-4b47-b31f-de5c1285b119','PLASTILINA');
INSERT INTO Categorias VALUES('78021aa4-5466-4ad3-9dcd-1a778ae11309','CORRECTOR');
INSERT INTO Categorias VALUES('506e3027-ac17-49c0-9cd2-baafec5dcf3f','CRAYON');
INSERT INTO Categorias VALUES('caffba03-d615-482c-a2e6-c4eb28410ea2','CUADERNO ITALIANO');
INSERT INTO Categorias VALUES('622dd465-5151-47ff-8200-ed24bbcf1568','CUADERNO PROFESIONAL');
INSERT INTO Categorias VALUES('579b2f19-4db0-4950-9b68-a566d61446b9','FOAMI');
INSERT INTO Categorias VALUES('9c87cfa7-4de1-4ed2-aa33-2d5fd98b75c6','GIS');
INSERT INTO Categorias VALUES('1d90e81f-2bbb-4c4d-b465-fa58357e3426','GOMA BORRADOR');
INSERT INTO Categorias VALUES('4927fb40-2837-44a2-a4b3-8c7105f8f0a8','PAPEL');
INSERT INTO Categorias VALUES('0a9d7b83-44f8-481b-ab1b-9aa9be8e2adc','JUEGO GEOMETRICO');
INSERT INTO Categorias VALUES('c312861b-e78a-47c1-8d90-8701c6f4fc36','LAPIZ DUO');
INSERT INTO Categorias VALUES('15653b7a-3b70-4562-a7e6-922a8fa06375','LAPIZ');
INSERT INTO Categorias VALUES('029c1968-735d-4714-9ed1-85eb6ee07fb7','LIGA');
INSERT INTO Categorias VALUES('105acebe-15c7-4ca8-bbfb-2c8ec2de973e','MARCADOR');
INSERT INTO Categorias VALUES('e6b1af12-5416-4ef8-89e3-586dacfb460f','MARCATEXTO');
INSERT INTO Categorias VALUES('e5eaae45-49f2-4d54-a80c-ab54bd00582b','CUTTER');
INSERT INTO Categorias VALUES('bc6c383c-dd59-45ea-b4ac-d9bf0e341dc2','PLUMIN');
INSERT INTO Categorias VALUES('f07f740a-5677-4c5a-bc2e-6d066427481b','PEGAMENTO');
INSERT INTO Categorias VALUES('995451eb-05d2-4de5-933c-7d169774510e','PINZA');
INSERT INTO Categorias VALUES('c5e00c3e-f338-4270-b14e-155f7c158755','SOBRE MANILA');
INSERT INTO Categorias VALUES('65e75842-813f-4568-9dbc-4be308415122','TIJERA');
INSERT INTO Categorias VALUES('7e9567fb-ae60-44f2-a85c-4c3eb239384a','CARPETA');
INSERT INTO Categorias VALUES('3be4ac9c-d862-4619-a4a4-a48c33f1f5b9','PINTURA');
INSERT INTO Categorias VALUES('e54a4b27-ce6f-444c-80c8-935c40042f2e','DIAMANTINA');
INSERT INTO Categorias VALUES('1b7f2987-f370-42c9-ae7e-0908c635a68d','LIMPIA PIPA');
INSERT INTO Categorias VALUES('1fde4dd3-5fd3-4efe-a99f-bcde7cfd39b2','SACAPUNTA');
INSERT INTO Categorias VALUES('9a283402-4881-4c07-bb5b-50030dc8324d','CUCHILLA CUTTER');
INSERT INTO Categorias VALUES('af2a38ab-7497-4f4c-93b1-968ddb04d05e','POSTIT');
INSERT INTO Categorias VALUES('857ffc59-ac54-4dc3-961a-b8a776a726ea','SOLICITUD EMPLEO');
INSERT INTO Categorias VALUES('81b61860-c2f4-4c9a-85d7-e3371641e21f','CARTA PODER');
INSERT INTO Categorias VALUES('2c148495-8b14-4682-ba7e-3a2a9461ef29','SOBRE');
INSERT INTO Categorias VALUES('55ab6f0d-a5d3-4cb0-8bc8-c9480644c26b','SILICON');
INSERT INTO Categorias VALUES('e4e950c7-4b33-47e5-aed6-f57b95adaaee','BIOGRAFÍA');
INSERT INTO Categorias VALUES('e1d548d1-f7c2-4457-b417-23613bd68322','MONOGRAFÍA');
INSERT INTO Categorias VALUES('cf9fec0f-e865-4b3e-90f7-10f6e5616cf9','RELIEVES');
INSERT INTO Categorias VALUES('471dd176-80b7-4d8a-b6b4-4d21895b958c','MAPA MEDIA CARTULINA');
INSERT INTO Categorias VALUES('04da879f-293d-4307-bb03-ddf4175dc7ef','MAPA TAMAÑO CARTA');
INSERT INTO Categorias VALUES('4f1fddf2-7f4d-4119-8835-1466b303406a','ESQUEMAS');
INSERT INTO Categorias VALUES('bc25dad2-072e-463d-872f-a9197124fc7b','MINIMAPAS');
INSERT INTO Categorias VALUES('ec6049df-4f7c-48d0-bf60-bd965d990d6e','JUEGO DIDACTICO');
INSERT INTO Categorias VALUES('e27e6209-396c-48c4-a7e5-6a5643313e87','CUADERNO');
INSERT INTO Categorias VALUES('01c2dd87-ffda-4de7-bb10-1671a2187da5','AGENDA');
INSERT INTO Categorias VALUES('94e01764-2350-497a-80e6-8b9d98da350b','PLUMON');
INSERT INTO Categorias VALUES('3a0306b1-61f3-4226-9f74-6e9dbcc4f713','LAPICERA');
INSERT INTO Categorias VALUES('fb791ba3-f4a3-4283-8c38-b4c58ebd2222','PLUMA');
INSERT INTO Categorias VALUES('f155c9ac-126d-4210-9872-8c4ffaf751ec','STICKER');
INSERT INTO Categorias VALUES('53a6d6ae-f054-46cc-ab76-fec5af27e3e2','COPIA / IMPRESION BN');
INSERT INTO Categorias VALUES('f4622709-a828-4c98-90cb-bd5af72674db','SERVICIO');
INSERT INTO Categorias VALUES('264e0c42-d654-4ac8-a82b-e22078a8cc9a','LIBRO DE PINTAR');
INSERT INTO Categorias VALUES('2132d7c8-6878-4447-ad29-0b14901fc16b','MARCADOR PIZARRON BLANCO');
INSERT INTO Categorias VALUES('0a66848a-f138-45b4-bf98-105639277063','LAPIZ NEGRO');
INSERT INTO Categorias VALUES('ae4fbdc2-f4d8-412f-b98f-90aded0990da','INTERNET');
INSERT INTO Categorias VALUES('08226e44-2307-43a4-88fd-65199334b0ac','COLORES');
INSERT INTO Categorias VALUES('d0504d41-9186-4e73-834d-7e07a7aac542','LAPICERO PUNTILLA');
INSERT INTO Categorias VALUES('bcef2feb-cfab-4cce-94db-095e46db1899','PUNTILLAS');
INSERT INTO Categorias VALUES('2ddcde9d-7597-4c41-9971-07cfd1ad4080','JUEGO GEOMETRIA');
INSERT INTO Categorias VALUES('b92f8407-550f-4e4f-89d3-3d0ed68617fd','TABLA');
INSERT INTO Categorias VALUES('17ad3519-b288-4ffb-a093-5b55fcafd983','PINZAS');
INSERT INTO Categorias VALUES('f8054893-0032-4ce0-9769-435f41297beb','POST IT');
INSERT INTO Categorias VALUES('a3e91bba-6d6f-4d0f-8f44-8bfc50e6369b','PORTA CELULAR');
INSERT INTO Categorias VALUES('6fdea314-d761-41dd-8420-6559c27dd947','ACUARELA');
INSERT INTO Categorias VALUES('2e698614-7d27-4b99-860c-134b9faf2358','PORTA GEL');
INSERT INTO Categorias VALUES('f6e99b51-d054-448e-8713-32eec080ab8e','COPIA');
INSERT INTO UnidadesMedida VALUES('394d367d-44fd-41e3-875c-b24f172ada3a','Pieza');
INSERT INTO UnidadesMedida VALUES('0441305e-5949-44a2-b0fc-daca53ab8add','PIEZA');
INSERT INTO Productos (Id,Nombre,UnidadMedidaId,CodigoBarrasItem,CodigoBarrasCaja) VALUES('57c4c975-ffc1-4c1e-a294-4dad0a9b70ad','ACUARELAS CARTON C/12 40601 3/6 SMARTY','394d367d-44fd-41e3-875c-b24f172ada3a','7872571379792','');
INSERT INTO Productos (Id,Nombre,UnidadMedidaId,CodigoBarrasItem,CodigoBarrasCaja) VALUES('1f20c201-6150-4d3e-9444-92acfd683a25','BLOCK REMISION 1/4 DUPLICADO 5/15 JOCAR','394d367d-44fd-41e3-875c-b24f172ada3a','','');
INSERT INTO Productos (Id,Nombre,UnidadMedidaId,CodigoBarrasItem,CodigoBarrasCaja) VALUES('dbff042b-1c5b-4328-82d5-d22b992fc095','BOLIGRAFO PIN POINT MEDIANO AZUL 1MM 12/36 AZOR','394d367d-44fd-41e3-875c-b24f172ada3a','7501428727256','');
INSERT INTO Productos (Id,Nombre,UnidadMedidaId,CodigoBarrasItem,CodigoBarrasCaja) VALUES('dc202adb-9793-46f8-9b4b-227e2376f4c5','BOLIGRAFO PIN POINT MEDIANO NEGRO 1MM 12/36 AZOR','394d367d-44fd-41e3-875c-b24f172ada3a','7501428727249','');
INSERT INTO Productos (Id,Nombre,UnidadMedidaId,CodigoBarrasItem,CodigoBarrasCaja) VALUES('350dd557-0dd0-4b6c-bc39-cdb14bb8e2cc','BOLIGRAFO PIN POINT MEDIANO ROJO 1MM 12/36 AZOR','394d367d-44fd-41e3-875c-b24f172ada3a','7501428727232','');
INSERT INTO Productos (Id,Nombre,UnidadMedidaId,CodigoBarrasItem,CodigoBarrasCaja) VALUES('7ae2bba5-cf88-4cc5-b6a6-434745fc1825','CARTULINA BRISTOL BLANCA 50X65 25/50 SM','394d367d-44fd-41e3-875c-b24f172ada3a','','');
INSERT INTO Productos (Id,Nombre,UnidadMedidaId,CodigoBarrasItem,CodigoBarrasCaja) VALUES('56187f7b-08b9-4215-ac7e-e0d5ff178711','CARTULINA BRISTOL COLORES 50X65 25/40 SM','394d367d-44fd-41e3-875c-b24f172ada3a','','');
INSERT INTO Productos (Id,Nombre,UnidadMedidaId,CodigoBarrasItem,CodigoBarrasCaja) VALUES('bf294675-135a-473f-af0f-73acc3616920','CARTULINA FLUORECENTE COLORES 10/40 PLIEGO SM','394d367d-44fd-41e3-875c-b24f172ada3a','','');
INSERT INTO Productos (Id,Nombre,UnidadMedidaId,CodigoBarrasItem,CodigoBarrasCaja) VALUES('9f7a8f9e-3fd5-4926-a3ea-699d869b74d7','CARTULINA IRIS PLIEGO 50X65 5/20 MARCAS','394d367d-44fd-41e3-875c-b24f172ada3a','','');
INSERT INTO Productos (Id,Nombre,UnidadMedidaId,CodigoBarrasItem,CodigoBarrasCaja) VALUES('9cdefba1-0d39-4800-b7c1-6249a3deda4e','CASCARON 1/8 28X35.5 5/10 DIPATH','394d367d-44fd-41e3-875c-b24f172ada3a','','');
INSERT INTO Productos (Id,Nombre,UnidadMedidaId,CodigoBarrasItem,CodigoBarrasCaja) VALUES('4fde23ba-e43a-4c27-9e63-a34313252202','CINTA ADH. TRANSPARENTE 48X50 3/6 JANEL','394d367d-44fd-41e3-875c-b24f172ada3a','','');
INSERT INTO Productos (Id,Nombre,UnidadMedidaId,CodigoBarrasItem,CodigoBarrasCaja) VALUES('4a730595-f7e7-4dfd-b6d6-70517fc49240','CLIP TROPICALIZADO No.3 100PZ 2/5 BACO','394d367d-44fd-41e3-875c-b24f172ada3a','7501174912029','');
INSERT INTO Productos (Id,Nombre,UnidadMedidaId,CodigoBarrasItem,CodigoBarrasCaja) VALUES('54851ce7-7735-495a-a8c2-dd662c8a5a6f','PLASTILINA CAJA 10 BARRAS 20004 3/6 SMARTY','394d367d-44fd-41e3-875c-b24f172ada3a','787257020134','');
INSERT INTO Productos (Id,Nombre,UnidadMedidaId,CodigoBarrasItem,CodigoBarrasCaja) VALUES('96a0a97a-b630-4839-bc82-95e4039226fe','CORRECTOR PLUMA 5ML PCOR2 3/6 JUMBO','394d367d-44fd-41e3-875c-b24f172ada3a','7502285732797','');
INSERT INTO Productos (Id,Nombre,UnidadMedidaId,CodigoBarrasItem,CodigoBarrasCaja) VALUES('eacf85b0-05dc-47dc-9f1e-899ec5c326b2','CRAYON TRIAN. 12 JUMBO 40516 3/6 SMARTY','394d367d-44fd-41e3-875c-b24f172ada3a','787257135418','');
INSERT INTO Productos (Id,Nombre,UnidadMedidaId,CodigoBarrasItem,CodigoBarrasCaja) VALUES('a6b90ceb-4247-404e-a402-9d1ff3973597','CUADERNO ITALIANO ESPIRAL RAYA 100H 6/25 JOCAR','394d367d-44fd-41e3-875c-b24f172ada3a','','');
INSERT INTO Productos (Id,Nombre,UnidadMedidaId,CodigoBarrasItem,CodigoBarrasCaja) VALUES('b2e8f52d-b370-4ae5-8f62-cf55fc598fa9','CUADERNO ITALIANO ESPIRAL C-7 100H 6/25 JOCAR','394d367d-44fd-41e3-875c-b24f172ada3a','','');
INSERT INTO Productos (Id,Nombre,UnidadMedidaId,CodigoBarrasItem,CodigoBarrasCaja) VALUES('ba30c4c7-3da7-4e4b-877f-815e57ec8337','CUADERNO PROF. ESP. RAYA 100H 08085 5/25 SWING','394d367d-44fd-41e3-875c-b24f172ada3a','7872571423310','');
INSERT INTO Productos (Id,Nombre,UnidadMedidaId,CodigoBarrasItem,CodigoBarrasCaja) VALUES('6608218b-e22a-4075-8bb8-b2adf490b3ac','CUADERNO PROF. ESP. C-7 100H 08088 5/25 SWING','394d367d-44fd-41e3-875c-b24f172ada3a','','');
INSERT INTO Productos (Id,Nombre,UnidadMedidaId,CodigoBarrasItem,CodigoBarrasCaja) VALUES('4789aea5-b530-4a40-8378-2d3b092b1754','DIUREX ADH. 12X10 25/50 OFFILAND','394d367d-44fd-41e3-875c-b24f172ada3a','7501887514831','');
INSERT INTO Productos (Id,Nombre,UnidadMedidaId,CodigoBarrasItem,CodigoBarrasCaja) VALUES('f10fd3f5-ae22-4447-88ae-e67233a20731','FOAMI CARTA COLORES 12/24 MARCAS','394d367d-44fd-41e3-875c-b24f172ada3a','','');
INSERT INTO Productos (Id,Nombre,UnidadMedidaId,CodigoBarrasItem,CodigoBarrasCaja) VALUES('db93e100-bc9f-471a-ab58-d657fce3eab9','FOAMI CARTA DIAMANTADO 5/20 COLORES','394d367d-44fd-41e3-875c-b24f172ada3a','','');
INSERT INTO Productos (Id,Nombre,UnidadMedidaId,CodigoBarrasItem,CodigoBarrasCaja) VALUES('3e03a742-9a72-482a-b63d-048104c7d05b','FOAMI PLIEGO 70X95 3/6 MARCAS','394d367d-44fd-41e3-875c-b24f172ada3a','','');
INSERT INTO Productos (Id,Nombre,UnidadMedidaId,CodigoBarrasItem,CodigoBarrasCaja) VALUES('19e36473-774e-460b-908e-77fadd9f354e','FOAMI PLIEGO DIAMANTADO 55X43 5/10 SM','394d367d-44fd-41e3-875c-b24f172ada3a','','');
INSERT INTO Productos (Id,Nombre,UnidadMedidaId,CodigoBarrasItem,CodigoBarrasCaja) VALUES('3079caa5-a3a2-416b-9712-a30764f07203','GISES BLANCOS C/12 72009 3/6 BACO','394d367d-44fd-41e3-875c-b24f172ada3a','7501174972009','');
INSERT INTO Productos (Id,Nombre,UnidadMedidaId,CodigoBarrasItem,CodigoBarrasCaja) VALUES('85e62b35-87f6-4bb5-a079-2dfc6112672b','GISES COLORES 12 72023 3/6 BACO','394d367d-44fd-41e3-875c-b24f172ada3a','7501174972023','');
INSERT INTO Productos (Id,Nombre,UnidadMedidaId,CodigoBarrasItem,CodigoBarrasCaja) VALUES('bde7473b-c28b-444c-bf39-ba847051836f','GOMA GM-20 PM 10/20 MAE','394d367d-44fd-41e3-875c-b24f172ada3a','','');
INSERT INTO Productos (Id,Nombre,UnidadMedidaId,CodigoBarrasItem,CodigoBarrasCaja) VALUES('b120dad2-b00d-4ad3-918c-ba5906c44add','HOJA CARTA COLOR VENTA S 50/100 SM','394d367d-44fd-41e3-875c-b24f172ada3a','','');
INSERT INTO Productos (Id,Nombre,UnidadMedidaId,CodigoBarrasItem,CodigoBarrasCaja) VALUES('8190e475-d1e5-458c-8b60-7ed31747465d','JUEGO GEOMETRIA MEDIANO 2032 3/6 KOALA','394d367d-44fd-41e3-875c-b24f172ada3a','7501853903027','');
INSERT INTO Productos (Id,Nombre,UnidadMedidaId,CodigoBarrasItem,CodigoBarrasCaja) VALUES('c19390ef-7795-44f9-b804-0c0c5ed311b8','LAPIZ DUO GRAFITO-ROJO E-960 10/30 TRYME','394d367d-44fd-41e3-875c-b24f172ada3a','','');
INSERT INTO Productos (Id,Nombre,UnidadMedidaId,CodigoBarrasItem,CodigoBarrasCaja) VALUES('4ce17f59-3d41-491b-909a-d2004537a2d4','LAPIZ TRIANGULAR BLACK PEPS 12/36 MAPED','394d367d-44fd-41e3-875c-b24f172ada3a','3154148517214','');
INSERT INTO Productos (Id,Nombre,UnidadMedidaId,CodigoBarrasItem,CodigoBarrasCaja) VALUES('605632d1-6c84-4c44-9db0-9360d2d9453e','LAPIZ GRAFITO HB2 C/36 12/36 PAPER M','394d367d-44fd-41e3-875c-b24f172ada3a','','');
INSERT INTO Productos (Id,Nombre,UnidadMedidaId,CodigoBarrasItem,CodigoBarrasCaja) VALUES('f9540191-caa5-400e-940f-f015f0baab5a','LIGA COLORES N.10 80GR SOL 1/3 ABI','394d367d-44fd-41e3-875c-b24f172ada3a','7501210200110','');
INSERT INTO Productos (Id,Nombre,UnidadMedidaId,CodigoBarrasItem,CodigoBarrasCaja) VALUES('bb0fe574-e04a-4839-8151-8ac59fdd3707','MARCADOR PERM. FINO NEGRO TATOO 3/10 BACO','394d367d-44fd-41e3-875c-b24f172ada3a','','');
INSERT INTO Productos (Id,Nombre,UnidadMedidaId,CodigoBarrasItem,CodigoBarrasCaja) VALUES('cef1e29a-3647-4a0d-8c5f-552a16c505f2','MARCATEXTO FLUOR GRUESA COLORES BACOFLAH','394d367d-44fd-41e3-875c-b24f172ada3a','7501174950793','');
INSERT INTO Productos (Id,Nombre,UnidadMedidaId,CodigoBarrasItem,CodigoBarrasCaja) VALUES('0131c739-bd61-4ba1-a341-6b42598a58c3','CUTTER GRANDE SOLIDOS 10052 5/10 SMART','394d367d-44fd-41e3-875c-b24f172ada3a','787257091059','');
INSERT INTO Productos (Id,Nombre,UnidadMedidaId,CodigoBarrasItem,CodigoBarrasCaja) VALUES('be98540c-4824-42ed-b832-52e1597f10c5','PLUMIN 24 COLORES WT6816-24 2/3 SHELY','394d367d-44fd-41e3-875c-b24f172ada3a','7502276781148','');
INSERT INTO Productos (Id,Nombre,UnidadMedidaId,CodigoBarrasItem,CodigoBarrasCaja) VALUES('2bbeb0a2-633a-4944-8eb8-b83afa06917d','PAPEL BOND BLANCO PLIEGO 70X95 25/50 SM','394d367d-44fd-41e3-875c-b24f172ada3a','','');
INSERT INTO Productos (Id,Nombre,UnidadMedidaId,CodigoBarrasItem,CodigoBarrasCaja) VALUES('9c9d5658-0db6-4f99-aedb-234f69171218','PAPEL BOND C-7 PLIEGO 70X95 25/50 SM','394d367d-44fd-41e3-875c-b24f172ada3a','','');
INSERT INTO Productos (Id,Nombre,UnidadMedidaId,CodigoBarrasItem,CodigoBarrasCaja) VALUES('cac8f2c5-3f80-4bbb-962f-8afc7df1ec33','PAPEL BOND CARTA PAQ C/500 97% 1/3 AZUL SCRIBE','394d367d-44fd-41e3-875c-b24f172ada3a','','');
INSERT INTO Productos (Id,Nombre,UnidadMedidaId,CodigoBarrasItem,CodigoBarrasCaja) VALUES('f0d4fb86-098c-4a11-8ecd-0d138d144c25','PAPEL CHINA COLORES 50X75 25/100 SM','394d367d-44fd-41e3-875c-b24f172ada3a','','');
INSERT INTO Productos (Id,Nombre,UnidadMedidaId,CodigoBarrasItem,CodigoBarrasCaja) VALUES('e598f847-9752-483a-8aca-8c4f34f973c6','PAPEL CREPE COLORES 50X2M 10/30 PINGUINO','394d367d-44fd-41e3-875c-b24f172ada3a','','');
INSERT INTO Productos (Id,Nombre,UnidadMedidaId,CodigoBarrasItem,CodigoBarrasCaja) VALUES('f2dff186-20ba-4f64-8df5-720349cfef55','PAPEL FANTASIA T/OCASION 25/50 MARCAS','394d367d-44fd-41e3-875c-b24f172ada3a','','');
INSERT INTO Productos (Id,Nombre,UnidadMedidaId,CodigoBarrasItem,CodigoBarrasCaja) VALUES('c9a4e01c-35a7-4bd0-b8e8-4a9c34583f50','PAPEL LUSTRE COLORES PLIEGO 50X75 25/50 SM','394d367d-44fd-41e3-875c-b24f172ada3a','','');
INSERT INTO Productos (Id,Nombre,UnidadMedidaId,CodigoBarrasItem,CodigoBarrasCaja) VALUES('b299faa8-9db9-4978-bc28-4eb9c51d0287','PEGAMENTO ADH. 21GR 10-20 3/6 DIXON','394d367d-44fd-41e3-875c-b24f172ada3a','7206715155','');
INSERT INTO Productos (Id,Nombre,UnidadMedidaId,CodigoBarrasItem,CodigoBarrasCaja) VALUES('e0ec06ec-38e1-4623-b833-b47fe673dfe9','PEGAMENTO BLANCO 20GR 12/25 PEGA QUIP','394d367d-44fd-41e3-875c-b24f172ada3a','','');
INSERT INTO Productos (Id,Nombre,UnidadMedidaId,CodigoBarrasItem,CodigoBarrasCaja) VALUES('0230b451-3230-4a91-98d9-8e745882f60f','PINZA SUJETA PAPEL 19MM 15120 C/12 2/5 SMART','394d367d-44fd-41e3-875c-b24f172ada3a','','');
INSERT INTO Productos (Id,Nombre,UnidadMedidaId,CodigoBarrasItem,CodigoBarrasCaja) VALUES('d9940643-5d36-4711-9a41-7b4e6954f32e','REGLA MADERA 30CM ANGOSTA 6/10 SILVA','394d367d-44fd-41e3-875c-b24f172ada3a','7500408000202','');
INSERT INTO Productos (Id,Nombre,UnidadMedidaId,CodigoBarrasItem,CodigoBarrasCaja) VALUES('885962ba-909a-4e72-83ed-838c2f3e6434','SOBRE MANILA CARTA C/H 23X30.5 10/25 CANSA','394d367d-44fd-41e3-875c-b24f172ada3a','','');
INSERT INTO Productos (Id,Nombre,UnidadMedidaId,CodigoBarrasItem,CodigoBarrasCaja) VALUES('418f8c47-fb8e-4b44-a17a-39c378bad358','"TIJERA ESCOLAR 5"" PTIHH9 E-288 5/10 JUMBO"','394d367d-44fd-41e3-875c-b24f172ada3a','7502285731349','');
INSERT INTO Productos (Id,Nombre,UnidadMedidaId,CodigoBarrasItem,CodigoBarrasCaja) VALUES('51495446-d018-4f03-a05d-22ec84af601e','TRANSPORTADOR 180° 180T 12CM 10/25 BARRILITO','394d367d-44fd-41e3-875c-b24f172ada3a','7501214968122','');
INSERT INTO Productos (Id,Nombre,UnidadMedidaId,CodigoBarrasItem,CodigoBarrasCaja) VALUES('573b3b1f-48bf-41d8-b1c6-4f5b67a228d8','FOLDER CARTA COLORES VENTA 25/50 SUELTA','394d367d-44fd-41e3-875c-b24f172ada3a','','');
INSERT INTO Productos (Id,Nombre,UnidadMedidaId,CodigoBarrasItem,CodigoBarrasCaja) VALUES('e5a11065-8280-430a-849a-8bf7eb10c666','FOLDER OFICIO COLORES VENTA S 15/50','394d367d-44fd-41e3-875c-b24f172ada3a','','');
INSERT INTO Productos (Id,Nombre,UnidadMedidaId,CodigoBarrasItem,CodigoBarrasCaja) VALUES('04417d06-10b7-42a8-9d76-babc1dc56b11','PINTURA CARTEL 20ML 5/10 BACO','394d367d-44fd-41e3-875c-b24f172ada3a','','');
INSERT INTO Productos (Id,Nombre,UnidadMedidaId,CodigoBarrasItem,CodigoBarrasCaja) VALUES('b28379ac-fccd-473b-9948-7998a0a0ebae','DIAMANTINA AZUCAR C15 10GR 10/20 SELANUSA','394d367d-44fd-41e3-875c-b24f172ada3a','','');
INSERT INTO Productos (Id,Nombre,UnidadMedidaId,CodigoBarrasItem,CodigoBarrasCaja) VALUES('8b682924-3250-4ad4-9ab6-410fcdb4dcc4','LIMPIA PIPAS NORMAL COLORES 24/50 SELANUSA','394d367d-44fd-41e3-875c-b24f172ada3a','','');
INSERT INTO Productos (Id,Nombre,UnidadMedidaId,CodigoBarrasItem,CodigoBarrasCaja) VALUES('33e08d00-f126-48e7-8585-5f6fe9672b78','MASKING ADH 24X50 E-36 3/6 DEVEK','394d367d-44fd-41e3-875c-b24f172ada3a','7502008430337','');
INSERT INTO Productos (Id,Nombre,UnidadMedidaId,CodigoBarrasItem,CodigoBarrasCaja) VALUES('2f92aef2-aa52-41e3-8abe-38777540639f','SACAPUNTA PLASTICO BOLSA 25PZ E-100 1/3 KAISER','394d367d-44fd-41e3-875c-b24f172ada3a','','');
INSERT INTO Productos (Id,Nombre,UnidadMedidaId,CodigoBarrasItem,CodigoBarrasCaja) VALUES('36d729e0-89cc-4370-a348-a811b0ffd6cd','CUAD PROF SCRIBE ESCOLAR PLUS 7970 100H RAYA','394d367d-44fd-41e3-875c-b24f172ada3a','7506129430801','');
INSERT INTO Productos (Id,Nombre,UnidadMedidaId,CodigoBarrasItem,CodigoBarrasCaja) VALUES('89fe459b-ef13-48b2-83b2-311dddb7ffc5','CUAD PROF SCRIBE ESCOLAR PLUS 7972 100H C-5','394d367d-44fd-41e3-875c-b24f172ada3a','7506129430849','');
INSERT INTO Productos (Id,Nombre,UnidadMedidaId,CodigoBarrasItem,CodigoBarrasCaja) VALUES('74ab4a54-47b2-4f19-8435-bff21e3ebd8f','CUAD PROF SCRIBE ESCOLAR PLUS 7973 100H C-7','394d367d-44fd-41e3-875c-b24f172ada3a','7506129430863','');
INSERT INTO Productos (Id,Nombre,UnidadMedidaId,CodigoBarrasItem,CodigoBarrasCaja) VALUES('05ff13dd-fd0a-4506-9dd0-fd483eca34e2','PAPEL LUSTRE 50X70 AMARILLO ORO PAQ C/25','394d367d-44fd-41e3-875c-b24f172ada3a','','');
INSERT INTO Productos (Id,Nombre,UnidadMedidaId,CodigoBarrasItem,CodigoBarrasCaja) VALUES('57516d91-6595-4539-a592-53935646f768','PAPEL LUSTRE 50X70 BLANCO PAQ C/25','394d367d-44fd-41e3-875c-b24f172ada3a','','');
INSERT INTO Productos (Id,Nombre,UnidadMedidaId,CodigoBarrasItem,CodigoBarrasCaja) VALUES('91ac591b-2b6f-45f8-a808-3a6c3397c9ec','PAPEL LUSTRE 50X70 NEGRO PAQ C/25','394d367d-44fd-41e3-875c-b24f172ada3a','','');
INSERT INTO Productos (Id,Nombre,UnidadMedidaId,CodigoBarrasItem,CodigoBarrasCaja) VALUES('c0b42acf-700f-482f-b6c2-814a9a7a6cf9','PAPEL LUSTRE 50X70 ORO PAQ C/25','394d367d-44fd-41e3-875c-b24f172ada3a','','');
INSERT INTO Productos (Id,Nombre,UnidadMedidaId,CodigoBarrasItem,CodigoBarrasCaja) VALUES('c58c07dd-028b-43ef-9ac1-405e9db05746','PAPEL LUSTRE 50X70 SALMON PAQ C/25','394d367d-44fd-41e3-875c-b24f172ada3a','','');
INSERT INTO Productos (Id,Nombre,UnidadMedidaId,CodigoBarrasItem,CodigoBarrasCaja) VALUES('11d09c23-4796-43d5-b35e-1914ecac8770','PAPEL LUSTRE 50X70 VERDE PISTACHE (NILO) PAQ C/25','394d367d-44fd-41e3-875c-b24f172ada3a','','');
INSERT INTO Productos (Id,Nombre,UnidadMedidaId,CodigoBarrasItem,CodigoBarrasCaja) VALUES('2e399f67-18de-4078-9f3b-db0d8b0ddfd3','COMPAS ESCOLAR METALICO ECONOMICO','394d367d-44fd-41e3-875c-b24f172ada3a','','');
INSERT INTO Productos (Id,Nombre,UnidadMedidaId,CodigoBarrasItem,CodigoBarrasCaja) VALUES('d515cb66-52af-4373-8267-899ae2434b6a','CUCHILLAS PARA CUTTER GRANDE CON 10 IMPORTADO','394d367d-44fd-41e3-875c-b24f172ada3a','6935403102461','');
INSERT INTO Productos (Id,Nombre,UnidadMedidaId,CodigoBarrasItem,CodigoBarrasCaja) VALUES('d7d1a149-d513-4b40-a7c5-33e419e6c984','CUTTER JUMBO CHICO 9 MM','394d367d-44fd-41e3-875c-b24f172ada3a','7502285732018','');
INSERT INTO Productos (Id,Nombre,UnidadMedidaId,CodigoBarrasItem,CodigoBarrasCaja) VALUES('60d53dde-cf46-42bc-8967-d5fb2b0be6bc','CUTTER PASCUA GRANDE REFORZADO','394d367d-44fd-41e3-875c-b24f172ada3a','7501987510177','');
INSERT INTO Productos (Id,Nombre,UnidadMedidaId,CodigoBarrasItem,CodigoBarrasCaja) VALUES('046967b3-7768-4d55-805b-e555b2784aa3','NOTAS ADH FIGURAS 3X3 PAQ CON 10','394d367d-44fd-41e3-875c-b24f172ada3a','6970221720015','');
INSERT INTO Productos (Id,Nombre,UnidadMedidaId,CodigoBarrasItem,CodigoBarrasCaja) VALUES('39ad2c37-6287-49c7-9630-07b4a0226e04','SOLICITUD DE EMPLEO DIPAO 25H CON 3','394d367d-44fd-41e3-875c-b24f172ada3a','7500462025168','');
INSERT INTO Productos (Id,Nombre,UnidadMedidaId,CodigoBarrasItem,CodigoBarrasCaja) VALUES('619c6e64-0421-4040-98ba-db23ee565a96','BLOCK MILIMETRICO DIPAO CON 50','394d367d-44fd-41e3-875c-b24f172ada3a','7500462060695','');
INSERT INTO Productos (Id,Nombre,UnidadMedidaId,CodigoBarrasItem,CodigoBarrasCaja) VALUES('cbc383b8-b4b1-4ef8-8ed3-5bfe8041c088','CARTA PODER DIPAO CON 50 PIEZAS','394d367d-44fd-41e3-875c-b24f172ada3a','','');
INSERT INTO Productos (Id,Nombre,UnidadMedidaId,CodigoBarrasItem,CodigoBarrasCaja) VALUES('6594fe29-ad22-4ffa-9f64-324c2a102805','NOTAS ADHESIVAS CON 20 EN BLISTER','394d367d-44fd-41e3-875c-b24f172ada3a','6970221720015','');
INSERT INTO Productos (Id,Nombre,UnidadMedidaId,CodigoBarrasItem,CodigoBarrasCaja) VALUES('64eea60c-f83d-4867-a26f-98461674dcfb','CLIPS PASCUA DE COLORES ESTUCHE CON 100','394d367d-44fd-41e3-875c-b24f172ada3a','7506193720242','');
INSERT INTO Productos (Id,Nombre,UnidadMedidaId,CodigoBarrasItem,CodigoBarrasCaja) VALUES('ab1b1c4d-91c6-4466-ba38-858e624c36dd','SOBRE ECONOMICO HORIZONTAL CON 12 MODELOS DECORADO','394d367d-44fd-41e3-875c-b24f172ada3a','6971261128021','');
INSERT INTO Productos (Id,Nombre,UnidadMedidaId,CodigoBarrasItem,CodigoBarrasCaja) VALUES('381ff4f2-e947-42fb-9653-115d23acc57b','MARCADOR BACO PERMANENTE 218 ROJO','394d367d-44fd-41e3-875c-b24f172ada3a','7501174984019','');
INSERT INTO Productos (Id,Nombre,UnidadMedidaId,CodigoBarrasItem,CodigoBarrasCaja) VALUES('8866b262-3b69-45a4-ba76-6adf98dab86d','MARCADOR BACO PERMANENTE 218 NEGRO','394d367d-44fd-41e3-875c-b24f172ada3a','7501174984002','');
INSERT INTO Productos (Id,Nombre,UnidadMedidaId,CodigoBarrasItem,CodigoBarrasCaja) VALUES('35ff58d6-adcf-4df1-9810-b8cf63fd1dc9','MARCADOR BACO PERMANENTE 218 AZUL','394d367d-44fd-41e3-875c-b24f172ada3a','7501174984026','');
INSERT INTO Productos (Id,Nombre,UnidadMedidaId,CodigoBarrasItem,CodigoBarrasCaja) VALUES('a2847fbf-2516-4896-b2dd-a654182a83c6','LAPIZ PASCUA DUO CON 10','394d367d-44fd-41e3-875c-b24f172ada3a','7506193790054','');
INSERT INTO Productos (Id,Nombre,UnidadMedidaId,CodigoBarrasItem,CodigoBarrasCaja) VALUES('dc6dc317-f0a3-4564-a87b-0fd67676788e','CUTTER TIRA CON 12 ECONOMICO CHICO','394d367d-44fd-41e3-875c-b24f172ada3a','6920805678287','');
INSERT INTO Productos (Id,Nombre,UnidadMedidaId,CodigoBarrasItem,CodigoBarrasCaja) VALUES('df49cf05-8170-4138-b80a-5922370999f5','CUTTER TIRA CON 12 ECONOMICO GRANDE','394d367d-44fd-41e3-875c-b24f172ada3a','6920805677228','');
INSERT INTO Productos (Id,Nombre,UnidadMedidaId,CodigoBarrasItem,CodigoBarrasCaja) VALUES('a383bfbb-b5e1-449a-bc72-f9d05d7621e4','SILICON MATIZ GRUESO 1 KG EN BARRA','394d367d-44fd-41e3-875c-b24f172ada3a','7501987590360','');
INSERT INTO Productos (Id,Nombre,UnidadMedidaId,CodigoBarrasItem,CodigoBarrasCaja) VALUES('f32dd0e9-c276-4540-a4e9-2a5618768fd2','SILICON MATIZ DELGADO 1 KG EN BARRA','394d367d-44fd-41e3-875c-b24f172ada3a','7501987590346','');
INSERT INTO Productos (Id,Nombre,UnidadMedidaId,CodigoBarrasItem,CodigoBarrasCaja) VALUES('2d706189-ec9c-40e4-83c2-047cb2076369','SILICON PASCUA LIQUIDO 60 ML','394d367d-44fd-41e3-875c-b24f172ada3a','7501987560400','');
INSERT INTO Productos (Id,Nombre,UnidadMedidaId,CodigoBarrasItem,CodigoBarrasCaja) VALUES('a45c90b5-ca62-406b-b22d-3a4d7eaa97a5','SILICON PASCUA LIQUIDO 30 ML','394d367d-44fd-41e3-875c-b24f172ada3a','7501987560127','');
INSERT INTO Productos (Id,Nombre,UnidadMedidaId,CodigoBarrasItem,CodigoBarrasCaja) VALUES('458b5091-dfdb-4de0-8708-f0665c6e822a','PEGAMENTO BRONKOS DE 125GR ECONOMICO','394d367d-44fd-41e3-875c-b24f172ada3a','','');
INSERT INTO Productos (Id,Nombre,UnidadMedidaId,CodigoBarrasItem,CodigoBarrasCaja) VALUES('cd56fd01-535d-47ef-bc1b-0fedb1b96b1d','PEGAMENTO BRONKOS DE 60GR ECONOMICO','394d367d-44fd-41e3-875c-b24f172ada3a','','');
INSERT INTO Productos (Id,Nombre,UnidadMedidaId,CodigoBarrasItem,CodigoBarrasCaja) VALUES('c487136a-7544-4a1f-a630-9120d7f5aa02','ARISTOTELES','394d367d-44fd-41e3-875c-b24f172ada3a','7501875928671','');
INSERT INTO Productos (Id,Nombre,UnidadMedidaId,CodigoBarrasItem,CodigoBarrasCaja) VALUES('cb3fb06f-2dc7-441a-a98a-6e7a1812232b','ARQUÍMEDES','394d367d-44fd-41e3-875c-b24f172ada3a','7501875929418','');
INSERT INTO Productos (Id,Nombre,UnidadMedidaId,CodigoBarrasItem,CodigoBarrasCaja) VALUES('10f8d550-3484-4603-a142-b96c4a0b4c43','LUDWIG VAN BEETHOVEN','394d367d-44fd-41e3-875c-b24f172ada3a','7501875927087','');
INSERT INTO Productos (Id,Nombre,UnidadMedidaId,CodigoBarrasItem,CodigoBarrasCaja) VALUES('134d97a5-f770-48ca-afc4-9cecfc636d33','JUÁREZ BENITO','394d367d-44fd-41e3-875c-b24f172ada3a','7501875926561','');
INSERT INTO Productos (Id,Nombre,UnidadMedidaId,CodigoBarrasItem,CodigoBarrasCaja) VALUES('896fec02-251d-4a98-9989-c55355b2f11a','NAPOLEÓN BONAPARTE','394d367d-44fd-41e3-875c-b24f172ada3a','7501875927766','');
INSERT INTO Productos (Id,Nombre,UnidadMedidaId,CodigoBarrasItem,CodigoBarrasCaja) VALUES('96d7de23-7dd4-4dd0-927c-084c60ca875f','MIGUEL DE CERVANTES SAAVEDRA','394d367d-44fd-41e3-875c-b24f172ada3a','7501875927636','');
INSERT INTO Productos (Id,Nombre,UnidadMedidaId,CodigoBarrasItem,CodigoBarrasCaja) VALUES('7227366a-9b56-4230-a0be-cee52f761f3e','NICOLÁS COPÉRNICO','394d367d-44fd-41e3-875c-b24f172ada3a','7501875929951','');
INSERT INTO Productos (Id,Nombre,UnidadMedidaId,CodigoBarrasItem,CodigoBarrasCaja) VALUES('e036ae7c-28b9-443e-83f9-2833352cb80a','COLÓN CRISTÓBAL','394d367d-44fd-41e3-875c-b24f172ada3a','7501875941489','');
INSERT INTO Productos (Id,Nombre,UnidadMedidaId,CodigoBarrasItem,CodigoBarrasCaja) VALUES('05e2ce54-722c-4d15-a5cf-baae6c3ac402','SOR JUANA INÉS DE LA CRUZ','394d367d-44fd-41e3-875c-b24f172ada3a','7501875926745','');
INSERT INTO Productos (Id,Nombre,UnidadMedidaId,CodigoBarrasItem,CodigoBarrasCaja) VALUES('7e914ab8-2971-426f-a0b4-0f8476e915ec','JHOHN DALTON','394d367d-44fd-41e3-875c-b24f172ada3a','7501875933170','');
INSERT INTO Productos (Id,Nombre,UnidadMedidaId,CodigoBarrasItem,CodigoBarrasCaja) VALUES('222ff6f7-2550-4342-812b-7b680ebcd4d4','CARLOS DARWIN','394d367d-44fd-41e3-875c-b24f172ada3a','7501875930032','');
INSERT INTO Productos (Id,Nombre,UnidadMedidaId,CodigoBarrasItem,CodigoBarrasCaja) VALUES('60a28083-fbd3-4c09-8965-31e0378bab94','RENATO DESCARTES','394d367d-44fd-41e3-875c-b24f172ada3a','7501875930049','');
INSERT INTO Productos (Id,Nombre,UnidadMedidaId,CodigoBarrasItem,CodigoBarrasCaja) VALUES('f05b5b05-2c2d-4f36-8eca-42df78af554f','TOMAS ALBA EDISON','394d367d-44fd-41e3-875c-b24f172ada3a','7501875927735','');
INSERT INTO Productos (Id,Nombre,UnidadMedidaId,CodigoBarrasItem,CodigoBarrasCaja) VALUES('1d84b8a8-5147-45a3-8b77-633ecc6115e8','ALBERTO EINSTEIN','394d367d-44fd-41e3-875c-b24f172ada3a','7501875928053','');
INSERT INTO Productos (Id,Nombre,UnidadMedidaId,CodigoBarrasItem,CodigoBarrasCaja) VALUES('cbe06eb1-ba09-4343-841d-19ad12e3fdc7','BENJAMIN FRANKLIN','394d367d-44fd-41e3-875c-b24f172ada3a','7501875927698','');
INSERT INTO Productos (Id,Nombre,UnidadMedidaId,CodigoBarrasItem,CodigoBarrasCaja) VALUES('7220996d-d53c-47e0-b4da-7509de7069bd','HERMENEGILDO GALEANA','394d367d-44fd-41e3-875c-b24f172ada3a','7501875926790','');
INSERT INTO Productos (Id,Nombre,UnidadMedidaId,CodigoBarrasItem,CodigoBarrasCaja) VALUES('f3ef2720-0783-4e6d-9f4b-2cf6f91d964c','GALILEO GALILEI','394d367d-44fd-41e3-875c-b24f172ada3a','7501875928046','');
INSERT INTO Productos (Id,Nombre,UnidadMedidaId,CodigoBarrasItem,CodigoBarrasCaja) VALUES('d17742d6-b209-412a-b68b-28609094b388','ADOLFO HITLER','394d367d-44fd-41e3-875c-b24f172ada3a','7501875929135','');
INSERT INTO Productos (Id,Nombre,UnidadMedidaId,CodigoBarrasItem,CodigoBarrasCaja) VALUES('e3f27e23-4120-47c0-83ec-bdef7e7b95be','ALLENDE IGNACIO','394d367d-44fd-41e3-875c-b24f172ada3a','7501875926486','');
INSERT INTO Productos (Id,Nombre,UnidadMedidaId,CodigoBarrasItem,CodigoBarrasCaja) VALUES('caa2ce4e-b5a8-4b2d-bf1c-d6b29c08fd6e','MORELOS Y PAVÓN JOSÉ MA','394d367d-44fd-41e3-875c-b24f172ada3a','7501875926462','');
INSERT INTO Productos (Id,Nombre,UnidadMedidaId,CodigoBarrasItem,CodigoBarrasCaja) VALUES('301e09b4-58ee-4341-84e8-ee69f78ec7c5','JOHANNES KEPLER','394d367d-44fd-41e3-875c-b24f172ada3a','7501875932852','');
INSERT INTO Productos (Id,Nombre,UnidadMedidaId,CodigoBarrasItem,CodigoBarrasCaja) VALUES('c3ab2abf-ada2-4d6c-b3b7-76ac132e6759','MADERO FRANCISCO','394d367d-44fd-41e3-875c-b24f172ada3a','7501875926608','');
INSERT INTO Productos (Id,Nombre,UnidadMedidaId,CodigoBarrasItem,CodigoBarrasCaja) VALUES('2717be7e-3a6b-497a-89db-48fb7716dd8d','ANTONIO LORENZO LAVOISIER','394d367d-44fd-41e3-875c-b24f172ada3a','7501875931473','');
INSERT INTO Productos (Id,Nombre,UnidadMedidaId,CodigoBarrasItem,CodigoBarrasCaja) VALUES('7281b876-9858-44cd-9824-592467071240','CARLOS MARX','394d367d-44fd-41e3-875c-b24f172ada3a','7501875929227','');
INSERT INTO Productos (Id,Nombre,UnidadMedidaId,CodigoBarrasItem,CodigoBarrasCaja) VALUES('6bf24143-819e-4294-859c-09ee776ff24b','ISAAC NEWTON','394d367d-44fd-41e3-875c-b24f172ada3a','7501875927681','');
INSERT INTO Productos (Id,Nombre,UnidadMedidaId,CodigoBarrasItem,CodigoBarrasCaja) VALUES('9cc3ca43-af03-4fac-b859-5cffaaaf8b45','BLAISE PASCAL','394d367d-44fd-41e3-875c-b24f172ada3a','7501875933019','');
INSERT INTO Productos (Id,Nombre,UnidadMedidaId,CodigoBarrasItem,CodigoBarrasCaja) VALUES('dbc935a5-b1c3-4937-93f5-1de3a4d3640e','LUIS PASTEUR','394d367d-44fd-41e3-875c-b24f172ada3a','7501875927728','');
INSERT INTO Productos (Id,Nombre,UnidadMedidaId,CodigoBarrasItem,CodigoBarrasCaja) VALUES('3c51f201-fb51-47ad-98ed-8bd2743bb155','OCTAVIO PAZ','394d367d-44fd-41e3-875c-b24f172ada3a','7501875932043','');
INSERT INTO Productos (Id,Nombre,UnidadMedidaId,CodigoBarrasItem,CodigoBarrasCaja) VALUES('26e418ec-53cf-476b-9921-6098058c1f2c','PITÁGORAS','394d367d-44fd-41e3-875c-b24f172ada3a','7501875929265','');
INSERT INTO Productos (Id,Nombre,UnidadMedidaId,CodigoBarrasItem,CodigoBarrasCaja) VALUES('b7acea95-4af1-4dc3-8fa0-b556a7556c91','PLATÓN','394d367d-44fd-41e3-875c-b24f172ada3a','7501875928244','');
INSERT INTO Productos (Id,Nombre,UnidadMedidaId,CodigoBarrasItem,CodigoBarrasCaja) VALUES('b85f1e15-21b0-427e-b845-ded7122368be','JUAN J. ROUSSEAU','394d367d-44fd-41e3-875c-b24f172ada3a','7501875929968','');
INSERT INTO Productos (Id,Nombre,UnidadMedidaId,CodigoBarrasItem,CodigoBarrasCaja) VALUES('a4320568-db05-44e9-9fb8-9ed57c947fe7','SÓCRATES','394d367d-44fd-41e3-875c-b24f172ada3a','7501875928060','');
INSERT INTO Productos (Id,Nombre,UnidadMedidaId,CodigoBarrasItem,CodigoBarrasCaja) VALUES('e3f11243-6741-4a5d-a6e2-804ae6057183','TALES DE MILETO','394d367d-44fd-41e3-875c-b24f172ada3a','','');
INSERT INTO Productos (Id,Nombre,UnidadMedidaId,CodigoBarrasItem,CodigoBarrasCaja) VALUES('aff0698e-633f-4f4f-9e78-524b48f15105','JOSÉ VASCONCELOS','394d367d-44fd-41e3-875c-b24f172ada3a','7501875929326','');
INSERT INTO Productos (Id,Nombre,UnidadMedidaId,CodigoBarrasItem,CodigoBarrasCaja) VALUES('12501d02-324a-400a-ad04-755d2b7ca210','LEONARDO DA VINCI','394d367d-44fd-41e3-875c-b24f172ada3a','7501875927124','');
INSERT INTO Productos (Id,Nombre,UnidadMedidaId,CodigoBarrasItem,CodigoBarrasCaja) VALUES('f06517b0-1f0a-4c6c-917c-13c36313262b','ALIMENTOS TRANSGENERICOS','394d367d-44fd-41e3-875c-b24f172ada3a','7501875914391','');
INSERT INTO Productos (Id,Nombre,UnidadMedidaId,CodigoBarrasItem,CodigoBarrasCaja) VALUES('997d6863-9449-40e6-bead-9c0af4348859','ANIMALES ACUATICOS','394d367d-44fd-41e3-875c-b24f172ada3a','7501875904965','');
INSERT INTO Productos (Id,Nombre,UnidadMedidaId,CodigoBarrasItem,CodigoBarrasCaja) VALUES('a29c9af0-d530-4218-b96b-d19f1d6bf13c','ANIMALES HERBIVOROS Y CARNIVOROS','394d367d-44fd-41e3-875c-b24f172ada3a','7501875909403','');
INSERT INTO Productos (Id,Nombre,UnidadMedidaId,CodigoBarrasItem,CodigoBarrasCaja) VALUES('64cd0550-2604-4529-9a51-bf7f41ed3d98','ANIMALES DOMESTICOS','394d367d-44fd-41e3-875c-b24f172ada3a','7501875909878','');
INSERT INTO Productos (Id,Nombre,UnidadMedidaId,CodigoBarrasItem,CodigoBarrasCaja) VALUES('f37c8d50-1648-4ea4-a783-7924bda7d25f','ANIMALES EN PELIGRO DE EXTINCION','394d367d-44fd-41e3-875c-b24f172ada3a','7501875910379','');
INSERT INTO Productos (Id,Nombre,UnidadMedidaId,CodigoBarrasItem,CodigoBarrasCaja) VALUES('af403453-194c-4fd9-b017-2d5cb0fc1a86','ANIMALES SALVAJES','394d367d-44fd-41e3-875c-b24f172ada3a','7501875909885','');
INSERT INTO Productos (Id,Nombre,UnidadMedidaId,CodigoBarrasItem,CodigoBarrasCaja) VALUES('0ea6f305-0575-4ba0-ab50-6f928a1477b2','ANOREXIA Y BULIMIA','394d367d-44fd-41e3-875c-b24f172ada3a','7501875912717','');
INSERT INTO Productos (Id,Nombre,UnidadMedidaId,CodigoBarrasItem,CodigoBarrasCaja) VALUES('5efe1d9c-1268-40f8-bfd6-3845b1f35428','ANTICONCEPTIVOS','394d367d-44fd-41e3-875c-b24f172ada3a','7501875910140','');
INSERT INTO Productos (Id,Nombre,UnidadMedidaId,CodigoBarrasItem,CodigoBarrasCaja) VALUES('0b28d229-f4c2-429d-a869-67d643356be0','APARATO DIGESTIVO','394d367d-44fd-41e3-875c-b24f172ada3a','7501875906372','');
INSERT INTO Productos (Id,Nombre,UnidadMedidaId,CodigoBarrasItem,CodigoBarrasCaja) VALUES('ec30f820-d40c-4d9b-94cc-2223e0eddb87','APARATO REPRODUCTOR FEMENINO','394d367d-44fd-41e3-875c-b24f172ada3a','7501875910768','');
INSERT INTO Productos (Id,Nombre,UnidadMedidaId,CodigoBarrasItem,CodigoBarrasCaja) VALUES('f7263ec1-9f70-4ee7-8c9b-3028bb02ccc9','APARATO REPRODUCTOR MASCULINO','394d367d-44fd-41e3-875c-b24f172ada3a','7501875910751','');
INSERT INTO Productos (Id,Nombre,UnidadMedidaId,CodigoBarrasItem,CodigoBarrasCaja) VALUES('61a1890e-778b-4727-9dea-fa3f93c82f04','BULLYING','394d367d-44fd-41e3-875c-b24f172ada3a','7501875914353','');
INSERT INTO Productos (Id,Nombre,UnidadMedidaId,CodigoBarrasItem,CodigoBarrasCaja) VALUES('900b07a5-42f2-4dab-a39b-b75deda84814','CADENAS ALIMENTICIAS','394d367d-44fd-41e3-875c-b24f172ada3a','7501875908222','');
INSERT INTO Productos (Id,Nombre,UnidadMedidaId,CodigoBarrasItem,CodigoBarrasCaja) VALUES('6955b219-f9ef-49f4-b73a-485e3e6350e5','EL CICLO DEL AGUA','394d367d-44fd-41e3-875c-b24f172ada3a','7501875906266','');
INSERT INTO Productos (Id,Nombre,UnidadMedidaId,CodigoBarrasItem,CodigoBarrasCaja) VALUES('5485b849-260c-40a0-9598-19dfa3071bfe','LOS SENTIDOS ','394d367d-44fd-41e3-875c-b24f172ada3a','7501875908963','');
INSERT INTO Productos (Id,Nombre,UnidadMedidaId,CodigoBarrasItem,CodigoBarrasCaja) VALUES('1356c5c0-a2cd-4149-9129-2dc7d6c0254f','CONSUMACION DE LA INDEPENDENCIA','394d367d-44fd-41e3-875c-b24f172ada3a','7501875905917','');
INSERT INTO Productos (Id,Nombre,UnidadMedidaId,CodigoBarrasItem,CodigoBarrasCaja) VALUES('6fac78b3-b7ce-4b0a-a0b4-c5c92e367f34','CUERPO HUMANO COMPLETO','394d367d-44fd-41e3-875c-b24f172ada3a','7501875909632','');
INSERT INTO Productos (Id,Nombre,UnidadMedidaId,CodigoBarrasItem,CodigoBarrasCaja) VALUES('2401080a-dd30-461f-9757-0e554b5b70e3','CULTURA AZTECA 1','394d367d-44fd-41e3-875c-b24f172ada3a','7501875905771','');
INSERT INTO Productos (Id,Nombre,UnidadMedidaId,CodigoBarrasItem,CodigoBarrasCaja) VALUES('7167b2a8-5633-47ab-96a3-c8b9d0b7ec9d','CULTURA MAYA 1','394d367d-44fd-41e3-875c-b24f172ada3a','7501875905801','');
INSERT INTO Productos (Id,Nombre,UnidadMedidaId,CodigoBarrasItem,CodigoBarrasCaja) VALUES('e4270af0-610e-4e69-ae48-9b6230dc4a1b','CULTURA MEXICANA','394d367d-44fd-41e3-875c-b24f172ada3a','7501875905788','');
INSERT INTO Productos (Id,Nombre,UnidadMedidaId,CodigoBarrasItem,CodigoBarrasCaja) VALUES('db6ff439-ac12-4426-86d8-cd70ebf916fc','CULTURA OLMECA','394d367d-44fd-41e3-875c-b24f172ada3a','7501875905832','');
INSERT INTO Productos (Id,Nombre,UnidadMedidaId,CodigoBarrasItem,CodigoBarrasCaja) VALUES('24fa8273-9bda-4d92-a91e-19b705cfc2d5','CULTURA TEOTIHUACANA','394d367d-44fd-41e3-875c-b24f172ada3a','7501875905825','');
INSERT INTO Productos (Id,Nombre,UnidadMedidaId,CodigoBarrasItem,CodigoBarrasCaja) VALUES('bd0bbca7-a412-456e-9398-5bda1cd8c967','CULTURA TOLTECA 1','394d367d-44fd-41e3-875c-b24f172ada3a','7501875906501','');
INSERT INTO Productos (Id,Nombre,UnidadMedidaId,CodigoBarrasItem,CodigoBarrasCaja) VALUES('405bce9d-be16-4e48-b053-c88ae0508a99','CULTURA ZAPOTECA','394d367d-44fd-41e3-875c-b24f172ada3a','7501875906655','');
INSERT INTO Productos (Id,Nombre,UnidadMedidaId,CodigoBarrasItem,CodigoBarrasCaja) VALUES('3e2261b5-1b51-4bee-a4a3-0ce1251c41c3','LOS DERECHO HUNAMOS','394d367d-44fd-41e3-875c-b24f172ada3a','7501875910409','');
INSERT INTO Productos (Id,Nombre,UnidadMedidaId,CodigoBarrasItem,CodigoBarrasCaja) VALUES('cc8da818-df5b-43a9-bf47-0afecec28fab','DESARROLLO HUMANO','394d367d-44fd-41e3-875c-b24f172ada3a','7501875909212','');
INSERT INTO Productos (Id,Nombre,UnidadMedidaId,CodigoBarrasItem,CodigoBarrasCaja) VALUES('acd64cc4-0648-4858-9852-56a1b19a2f1a','LA EVOLUCION DE LA VIDA','394d367d-44fd-41e3-875c-b24f172ada3a','7501875906532','');
INSERT INTO Productos (Id,Nombre,UnidadMedidaId,CodigoBarrasItem,CodigoBarrasCaja) VALUES('a023d191-0adc-44f5-8058-ae429d2bc69c','EL AGUA Y LA VIDA','394d367d-44fd-41e3-875c-b24f172ada3a','7501875909229','');
INSERT INTO Productos (Id,Nombre,UnidadMedidaId,CodigoBarrasItem,CodigoBarrasCaja) VALUES('bad7bf06-d990-4d97-bbb6-3f5a0c936b55','LAS CUATRO ESTACIONES DEL AÑO','394d367d-44fd-41e3-875c-b24f172ada3a','7501875910058','');
INSERT INTO Productos (Id,Nombre,UnidadMedidaId,CodigoBarrasItem,CodigoBarrasCaja) VALUES('01d79d91-f6fd-4be6-8d68-0ffb92db986e','LA EVOLUCION DEL HOMBRE','394d367d-44fd-41e3-875c-b24f172ada3a','7501875908390','');
INSERT INTO Productos (Id,Nombre,UnidadMedidaId,CodigoBarrasItem,CodigoBarrasCaja) VALUES('3ffddcc8-46d9-4bde-9445-164be01bd8f1','FIGURAS Y CUERPOS GEOMETRICOS','394d367d-44fd-41e3-875c-b24f172ada3a','7501875911758','');
INSERT INTO Productos (Id,Nombre,UnidadMedidaId,CodigoBarrasItem,CodigoBarrasCaja) VALUES('8d456418-8b51-4c54-a518-623db612c648','GRUPOS ÉTNICOS DE LA REPUBLICA MEXICANA','394d367d-44fd-41e3-875c-b24f172ada3a','7501875907706','');
INSERT INTO Productos (Id,Nombre,UnidadMedidaId,CodigoBarrasItem,CodigoBarrasCaja) VALUES('3856683e-2a55-4433-b5fd-ebb8a533e167','INSTRUMENTOS LABORATORIO 1 ','394d367d-44fd-41e3-875c-b24f172ada3a','7501875908277','');
INSERT INTO Productos (Id,Nombre,UnidadMedidaId,CodigoBarrasItem,CodigoBarrasCaja) VALUES('db2febc1-36d3-4e90-9ff9-c132ff28ef54','JARRA DEL BUEN BEBER','394d367d-44fd-41e3-875c-b24f172ada3a','7501875914377','');
INSERT INTO Productos (Id,Nombre,UnidadMedidaId,CodigoBarrasItem,CodigoBarrasCaja) VALUES('d3b06acb-5eec-4f49-92fc-3047d658001f','LA REVOLUCIÓN INDUSTRIAL','394d367d-44fd-41e3-875c-b24f172ada3a','7501875907614','');
INSERT INTO Productos (Id,Nombre,UnidadMedidaId,CodigoBarrasItem,CodigoBarrasCaja) VALUES('c4746fc1-9db3-4cc9-bdda-a9488fd4aa56','MESOAMÉRICA','394d367d-44fd-41e3-875c-b24f172ada3a','7501875908970','');
INSERT INTO Productos (Id,Nombre,UnidadMedidaId,CodigoBarrasItem,CodigoBarrasCaja) VALUES('bb9d431e-3385-436d-81cb-0c6c6e5713f8','PIRAMIDE ALIMENTARIA','394d367d-44fd-41e3-875c-b24f172ada3a','7501875911079','');
INSERT INTO Productos (Id,Nombre,UnidadMedidaId,CodigoBarrasItem,CodigoBarrasCaja) VALUES('0622d264-0372-4485-a44e-353d444bba13','LA INDEPENDENCIA Y SUS ANTECEDENTES','394d367d-44fd-41e3-875c-b24f172ada3a','7501875910775','');
INSERT INTO Productos (Id,Nombre,UnidadMedidaId,CodigoBarrasItem,CodigoBarrasCaja) VALUES('8400535d-aee8-46c7-9aac-61bb4a2a08f6','SEXUALIDAD: PUBERTAD Y ADOLESCENCIA','394d367d-44fd-41e3-875c-b24f172ada3a','7501875908321','');
INSERT INTO Productos (Id,Nombre,UnidadMedidaId,CodigoBarrasItem,CodigoBarrasCaja) VALUES('48e01207-c3b7-4432-abe5-eaf2b7562342','APARATO CIRCULATORIO','394d367d-44fd-41e3-875c-b24f172ada3a','7501875906365','');
INSERT INTO Productos (Id,Nombre,UnidadMedidaId,CodigoBarrasItem,CodigoBarrasCaja) VALUES('b2181876-07e7-4ced-9f9e-f1e36efe815c','PRESIDENTES DE MÉXICO 1','394d367d-44fd-41e3-875c-b24f172ada3a','7501875906778','');
INSERT INTO Productos (Id,Nombre,UnidadMedidaId,CodigoBarrasItem,CodigoBarrasCaja) VALUES('cc54c0d5-ef6b-4e9f-9b93-887ad20f95b0','PRESIDENTES DE MÉXICO 2','394d367d-44fd-41e3-875c-b24f172ada3a','7501875906785','');
INSERT INTO Productos (Id,Nombre,UnidadMedidaId,CodigoBarrasItem,CodigoBarrasCaja) VALUES('3b1f33f4-a860-4a95-acd1-55cc54444971','EL SISTEMA SOLAR ','394d367d-44fd-41e3-875c-b24f172ada3a','7501875910522','');
INSERT INTO Productos (Id,Nombre,UnidadMedidaId,CodigoBarrasItem,CodigoBarrasCaja) VALUES('cc523f05-b722-4bb2-a446-d6ca12aa0082','REVOLUCIÓN MEXICANA','394d367d-44fd-41e3-875c-b24f172ada3a','7501875906013','');
INSERT INTO Productos (Id,Nombre,UnidadMedidaId,CodigoBarrasItem,CodigoBarrasCaja) VALUES('b40f9b2e-7422-46cb-85be-390d45709ee5','LOS VALORES ÉTICOS Y CÍVICOS','394d367d-44fd-41e3-875c-b24f172ada3a','7501875910799','');
INSERT INTO Productos (Id,Nombre,UnidadMedidaId,CodigoBarrasItem,CodigoBarrasCaja) VALUES('42acead8-0276-4db8-bae8-a98ba21c09a4','VALORES UNIVERSALES','394d367d-44fd-41e3-875c-b24f172ada3a','7501875914384','');
INSERT INTO Productos (Id,Nombre,UnidadMedidaId,CodigoBarrasItem,CodigoBarrasCaja) VALUES('8f13bb58-caa9-4864-9f31-854514be4b27','VIOLENCIA INTRAFAMILIAR','394d367d-44fd-41e3-875c-b24f172ada3a','7501875913301','');
INSERT INTO Productos (Id,Nombre,UnidadMedidaId,CodigoBarrasItem,CodigoBarrasCaja) VALUES('d8ce5e81-b69a-4b15-9207-304d15d04bd9','LAS FRUTAS 1','394d367d-44fd-41e3-875c-b24f172ada3a','7501875909908','');
INSERT INTO Productos (Id,Nombre,UnidadMedidaId,CodigoBarrasItem,CodigoBarrasCaja) VALUES('6a299c58-75ee-4149-b64d-85b3245a7ebe','BATALLA DEL 5 DE MAYO','394d367d-44fd-41e3-875c-b24f172ada3a','7501875905962','');
INSERT INTO Productos (Id,Nombre,UnidadMedidaId,CodigoBarrasItem,CodigoBarrasCaja) VALUES('2d9a13ed-2c98-4ba6-af39-07e323a6b88f','ÁGUILA','394d367d-44fd-41e3-875c-b24f172ada3a','7501875963979','');
INSERT INTO Productos (Id,Nombre,UnidadMedidaId,CodigoBarrasItem,CodigoBarrasCaja) VALUES('25320cb1-c6a3-4a35-8ecb-cb0087d792dc','BALLENA','394d367d-44fd-41e3-875c-b24f172ada3a','7501875964259','');
INSERT INTO Productos (Id,Nombre,UnidadMedidaId,CodigoBarrasItem,CodigoBarrasCaja) VALUES('74091171-2f53-4e33-b46d-0be774cee8ef','BORREGO','394d367d-44fd-41e3-875c-b24f172ada3a','7501875963818','');
INSERT INTO Productos (Id,Nombre,UnidadMedidaId,CodigoBarrasItem,CodigoBarrasCaja) VALUES('d3b3eb14-cb24-4f97-9e5b-4004622bb766','CABALLO','394d367d-44fd-41e3-875c-b24f172ada3a','7501875963849','');
INSERT INTO Productos (Id,Nombre,UnidadMedidaId,CodigoBarrasItem,CodigoBarrasCaja) VALUES('28507269-fef1-4a33-843c-62787d834aa8','CERDO','394d367d-44fd-41e3-875c-b24f172ada3a','7501875963801','');
INSERT INTO Productos (Id,Nombre,UnidadMedidaId,CodigoBarrasItem,CodigoBarrasCaja) VALUES('8e508eb5-dbcf-4aa3-9568-de723992b6ad','CONEJO','394d367d-44fd-41e3-875c-b24f172ada3a','7501875963832','');
INSERT INTO Productos (Id,Nombre,UnidadMedidaId,CodigoBarrasItem,CodigoBarrasCaja) VALUES('b024b2df-6870-403a-a83f-e8f5ff6cfd5f','DELFIN ','394d367d-44fd-41e3-875c-b24f172ada3a','7501875967182','');
INSERT INTO Productos (Id,Nombre,UnidadMedidaId,CodigoBarrasItem,CodigoBarrasCaja) VALUES('161f7490-61a8-45cf-a583-09e600329350','ELEFANTE','394d367d-44fd-41e3-875c-b24f172ada3a','7501875964105','');
INSERT INTO Productos (Id,Nombre,UnidadMedidaId,CodigoBarrasItem,CodigoBarrasCaja) VALUES('6a30b655-bf64-4b50-9d65-bbca8125c76f','GATO','394d367d-44fd-41e3-875c-b24f172ada3a','7501875963870','');
INSERT INTO Productos (Id,Nombre,UnidadMedidaId,CodigoBarrasItem,CodigoBarrasCaja) VALUES('6f6a3580-b87a-4036-a395-2861e7a399fd','JIRAFA','394d367d-44fd-41e3-875c-b24f172ada3a','7501875964129','');
INSERT INTO Productos (Id,Nombre,UnidadMedidaId,CodigoBarrasItem,CodigoBarrasCaja) VALUES('f1d4ddb6-0241-4e41-b8bb-77388d286ae5','LEON','394d367d-44fd-41e3-875c-b24f172ada3a','7501875964082','');
INSERT INTO Productos (Id,Nombre,UnidadMedidaId,CodigoBarrasItem,CodigoBarrasCaja) VALUES('f7775c01-f203-44d3-a95a-d79494e127bf','PANDA','394d367d-44fd-41e3-875c-b24f172ada3a','7501875968097','');
INSERT INTO Productos (Id,Nombre,UnidadMedidaId,CodigoBarrasItem,CodigoBarrasCaja) VALUES('f9a4f3f9-4da7-4331-853f-c49c1a93289e','PERRO POLICIA','394d367d-44fd-41e3-875c-b24f172ada3a','7501875963863','');
INSERT INTO Productos (Id,Nombre,UnidadMedidaId,CodigoBarrasItem,CodigoBarrasCaja) VALUES('0366bf57-8220-4181-8f92-45fe2e70335a','TIBURON','394d367d-44fd-41e3-875c-b24f172ada3a','7501875964266','');
INSERT INTO Productos (Id,Nombre,UnidadMedidaId,CodigoBarrasItem,CodigoBarrasCaja) VALUES('fbee9499-7aea-406e-bb46-35c5293f14da','TIGRE','394d367d-44fd-41e3-875c-b24f172ada3a','','');
INSERT INTO Productos (Id,Nombre,UnidadMedidaId,CodigoBarrasItem,CodigoBarrasCaja) VALUES('e58cfae9-ae4c-4029-be04-904907b35550','TORTUGA','394d367d-44fd-41e3-875c-b24f172ada3a','7501875969018','');
INSERT INTO Productos (Id,Nombre,UnidadMedidaId,CodigoBarrasItem,CodigoBarrasCaja) VALUES('29553bd1-c580-4b74-8de9-2e85590ee916','VENADO','394d367d-44fd-41e3-875c-b24f172ada3a','7501875964143','');
INSERT INTO Productos (Id,Nombre,UnidadMedidaId,CodigoBarrasItem,CodigoBarrasCaja) VALUES('49e84910-63a0-48c5-b0cd-e2b62d354cc4','VIBORA DE CASCABEL','394d367d-44fd-41e3-875c-b24f172ada3a','7501875968035','');
INSERT INTO Productos (Id,Nombre,UnidadMedidaId,CodigoBarrasItem,CodigoBarrasCaja) VALUES('997974d5-53b0-4dfc-8e23-57a64c6420b9','REPUBLICA MEXICANA DIVISION POLITICA S/N','394d367d-44fd-41e3-875c-b24f172ada3a','7501875924505','');
INSERT INTO Productos (Id,Nombre,UnidadMedidaId,CodigoBarrasItem,CodigoBarrasCaja) VALUES('46e3b42d-8c1f-42c0-96a8-d61a307b2282','REPUBLICA MEXICANA DIVISION POLITICA C/N','394d367d-44fd-41e3-875c-b24f172ada3a','7501875924512','');
INSERT INTO Productos (Id,Nombre,UnidadMedidaId,CodigoBarrasItem,CodigoBarrasCaja) VALUES('f45ab0bc-be03-47e0-ae5d-5edaa1addbee','AMERICA. DIVISION POLITICA S/N','394d367d-44fd-41e3-875c-b24f172ada3a','7501875918788','');
INSERT INTO Productos (Id,Nombre,UnidadMedidaId,CodigoBarrasItem,CodigoBarrasCaja) VALUES('cc9a45ab-22b4-4b5e-9ea1-2f276adb02c3','AMÉRICA. DIVISION POLÍTICA C/N','394d367d-44fd-41e3-875c-b24f172ada3a','7501875918856','');
INSERT INTO Productos (Id,Nombre,UnidadMedidaId,CodigoBarrasItem,CodigoBarrasCaja) VALUES('af9ec623-e6c4-4b21-b3c1-45eff1e26bd0','MAPAMUNDI. DIVISION POLITICA S/N','394d367d-44fd-41e3-875c-b24f172ada3a','7501875961081','');
INSERT INTO Productos (Id,Nombre,UnidadMedidaId,CodigoBarrasItem,CodigoBarrasCaja) VALUES('7afc7392-4479-4c4f-97ef-2be900abaa6c','MAPAMUNDI. DIVISION POLITICA C/N','394d367d-44fd-41e3-875c-b24f172ada3a','7501875918863','');
INSERT INTO Productos (Id,Nombre,UnidadMedidaId,CodigoBarrasItem,CodigoBarrasCaja) VALUES('25dcfd6d-0e61-4b2d-9a8b-6de5acaa932d','REPUBLICA MEXICANA DIVISION POLITICA S/N','394d367d-44fd-41e3-875c-b24f172ada3a','7501875919426','');
INSERT INTO Productos (Id,Nombre,UnidadMedidaId,CodigoBarrasItem,CodigoBarrasCaja) VALUES('b871aac0-0127-4d26-b34e-e54a30bb5eac','PLANISFERIO. DIVISION POLITICA S/N','394d367d-44fd-41e3-875c-b24f172ada3a','7501875919440','');
INSERT INTO Productos (Id,Nombre,UnidadMedidaId,CodigoBarrasItem,CodigoBarrasCaja) VALUES('057907d8-7191-4e91-b738-d5cdc149cc5a','EUROPA. DIVISION POLITICA C/N','394d367d-44fd-41e3-875c-b24f172ada3a','7501875918832','');
INSERT INTO Productos (Id,Nombre,UnidadMedidaId,CodigoBarrasItem,CodigoBarrasCaja) VALUES('29dd9ef9-2b52-41de-b0c1-c5ea25d25ac6','ASIA. DIVISION POLITICA C/N','394d367d-44fd-41e3-875c-b24f172ada3a','7501875924192','');
INSERT INTO Productos (Id,Nombre,UnidadMedidaId,CodigoBarrasItem,CodigoBarrasCaja) VALUES('b75c48f4-3654-456e-9d45-c5f7df8f1786','CRANEO. C/N','394d367d-44fd-41e3-875c-b24f172ada3a','7501875926325','');
INSERT INTO Productos (Id,Nombre,UnidadMedidaId,CodigoBarrasItem,CodigoBarrasCaja) VALUES('8896d3a1-fdd4-447a-bdee-35036c7ff714','APARATO DIGESTIVO C/N','394d367d-44fd-41e3-875c-b24f172ada3a','7501875918771','');
INSERT INTO Productos (Id,Nombre,UnidadMedidaId,CodigoBarrasItem,CodigoBarrasCaja) VALUES('e940f1a1-c208-4ad2-98d5-e04451c1d259','SISTEMA OSEO C/N','394d367d-44fd-41e3-875c-b24f172ada3a','7501875923492','');
INSERT INTO Productos (Id,Nombre,UnidadMedidaId,CodigoBarrasItem,CodigoBarrasCaja) VALUES('7df88d02-877d-4e34-92de-fa28185e7071','EL CUERPO HUMANO C/N','394d367d-44fd-41e3-875c-b24f172ada3a','7501875923973','');
INSERT INTO Productos (Id,Nombre,UnidadMedidaId,CodigoBarrasItem,CodigoBarrasCaja) VALUES('1276b9bf-12e3-4e04-aac8-487950e8bfb8','CELULA C/N','394d367d-44fd-41e3-875c-b24f172ada3a','','');
INSERT INTO Productos (Id,Nombre,UnidadMedidaId,CodigoBarrasItem,CodigoBarrasCaja) VALUES('e1726cdb-f5e7-4a9f-9d0d-cfeaa79780df','APARARATO REPRODUCTOR MASCULINO C/N','394d367d-44fd-41e3-875c-b24f172ada3a','7501875924048','');
INSERT INTO Productos (Id,Nombre,UnidadMedidaId,CodigoBarrasItem,CodigoBarrasCaja) VALUES('fcac5ef3-9ced-41f9-a139-75ecebd98d44','APARATO RESPIRATORIO C/N','394d367d-44fd-41e3-875c-b24f172ada3a','7501875923515','');
INSERT INTO Productos (Id,Nombre,UnidadMedidaId,CodigoBarrasItem,CodigoBarrasCaja) VALUES('e902c05f-ad20-44a0-9be2-333d3970da28','LOS DIENTES C/N','394d367d-44fd-41e3-875c-b24f172ada3a','7501875926011','');
INSERT INTO Productos (Id,Nombre,UnidadMedidaId,CodigoBarrasItem,CodigoBarrasCaja) VALUES('5c72b610-ca26-4650-9489-2bb711e503da','REPUBLICA MEXICANA DIVISION POLITICA S/N','394d367d-44fd-41e3-875c-b24f172ada3a','7501875949744','');
INSERT INTO Productos (Id,Nombre,UnidadMedidaId,CodigoBarrasItem,CodigoBarrasCaja) VALUES('d46317cf-8cfd-4f8f-a1ca-5fd3e4e34727','REPUBLICA MEXICANA DIVISION POLITICA C/N','394d367d-44fd-41e3-875c-b24f172ada3a','7501875949737','');
INSERT INTO Productos (Id,Nombre,UnidadMedidaId,CodigoBarrasItem,CodigoBarrasCaja) VALUES('d0f24d51-576c-4b9c-93b8-6a76d9b7e7df','PLANISFERIO. DIVISION POLITICA C/N','394d367d-44fd-41e3-875c-b24f172ada3a','','');
INSERT INTO Productos (Id,Nombre,UnidadMedidaId,CodigoBarrasItem,CodigoBarrasCaja) VALUES('25fdb193-0968-4676-93b3-d80e0390163b','PLANISFERIO. DIVISION POLITICA S/N','394d367d-44fd-41e3-875c-b24f172ada3a','7501875949768','');
INSERT INTO Productos (Id,Nombre,UnidadMedidaId,CodigoBarrasItem,CodigoBarrasCaja) VALUES('fa74986d-ca33-4c8d-8c7d-3a287d7fa0aa','PAQUETE BILLETE (20-50-100)','394d367d-44fd-41e3-875c-b24f172ada3a','','');
INSERT INTO Productos (Id,Nombre,UnidadMedidaId,CodigoBarrasItem,CodigoBarrasCaja) VALUES('fba34212-9643-4ef7-a96a-900762f2fa9f','PAQUETE BILLETE (200-500-1000)','394d367d-44fd-41e3-875c-b24f172ada3a','','');
INSERT INTO Productos (Id,Nombre,UnidadMedidaId,CodigoBarrasItem,CodigoBarrasCaja) VALUES('530a23d1-4093-4736-bc93-51ffdd42a349','CUADERNO PASTA DURA MEDIANO','394d367d-44fd-41e3-875c-b24f172ada3a','','');
INSERT INTO Productos (Id,Nombre,UnidadMedidaId,CodigoBarrasItem,CodigoBarrasCaja) VALUES('c01d93cc-41b6-445e-a03c-7889fd9ce0ea','CUADERNO PASTA BLANDA MEDIANO','394d367d-44fd-41e3-875c-b24f172ada3a','','');
INSERT INTO Productos (Id,Nombre,UnidadMedidaId,CodigoBarrasItem,CodigoBarrasCaja) VALUES('a3a2da0f-7230-49fc-a49e-69577b8f749a','CUADERNO PASTA DURA PEQUEÑO','394d367d-44fd-41e3-875c-b24f172ada3a','','');
INSERT INTO Productos (Id,Nombre,UnidadMedidaId,CodigoBarrasItem,CodigoBarrasCaja) VALUES('3443d25e-1fe3-491f-b666-7933700558e4','AJENDA PEQUEÑA SIRENITA','394d367d-44fd-41e3-875c-b24f172ada3a','','');
INSERT INTO Productos (Id,Nombre,UnidadMedidaId,CodigoBarrasItem,CodigoBarrasCaja) VALUES('1be3ea96-2f38-4d5d-a400-8f20d1acef94','ROMPECABEZAS DE MADERA','394d367d-44fd-41e3-875c-b24f172ada3a','','');
INSERT INTO Productos (Id,Nombre,UnidadMedidaId,CodigoBarrasItem,CodigoBarrasCaja) VALUES('aa75a615-4021-490f-b222-b7c8199fe407','PLUMONES PATO','394d367d-44fd-41e3-875c-b24f172ada3a','8168138230590','');
INSERT INTO Productos (Id,Nombre,UnidadMedidaId,CodigoBarrasItem,CodigoBarrasCaja) VALUES('396b8e2b-eb64-42f5-a2dc-39acc8baaf50','LAPICERAS METALICAS','394d367d-44fd-41e3-875c-b24f172ada3a','','');
INSERT INTO Productos (Id,Nombre,UnidadMedidaId,CodigoBarrasItem,CodigoBarrasCaja) VALUES('48bd1420-88a4-4655-b80d-637c426c5b82','SACAPUNTAS DECORATIVOS','394d367d-44fd-41e3-875c-b24f172ada3a','','');
INSERT INTO Productos (Id,Nombre,UnidadMedidaId,CodigoBarrasItem,CodigoBarrasCaja) VALUES('ef7380ec-5ae7-4c21-b5ad-e0f7f16063ef','PLUMAS DE PAQUETE UNICORNIO','394d367d-44fd-41e3-875c-b24f172ada3a','','');
INSERT INTO Productos (Id,Nombre,UnidadMedidaId,CodigoBarrasItem,CodigoBarrasCaja) VALUES('ea3e439c-350d-4d5f-8ee1-a9d4604e3430','PLUMAS KAWAII','394d367d-44fd-41e3-875c-b24f172ada3a','','');
INSERT INTO Productos (Id,Nombre,UnidadMedidaId,CodigoBarrasItem,CodigoBarrasCaja) VALUES('dfb571f5-6fb4-45bd-8275-1a3485a70d0f','PLUMAS DE PERSONAJES','394d367d-44fd-41e3-875c-b24f172ada3a','','6');
INSERT INTO Productos (Id,Nombre,UnidadMedidaId,CodigoBarrasItem,CodigoBarrasCaja) VALUES('3b2db0d9-1829-4903-8d99-86ad3c3e7b85','LIBRETA PEQUEÑA DE PAQUETE','394d367d-44fd-41e3-875c-b24f172ada3a','','');
INSERT INTO Productos (Id,Nombre,UnidadMedidaId,CodigoBarrasItem,CodigoBarrasCaja) VALUES('1432c48e-8118-4931-b91a-8f3019efd1f7','GOMAS KAWAII','394d367d-44fd-41e3-875c-b24f172ada3a','','');
INSERT INTO Productos (Id,Nombre,UnidadMedidaId,CodigoBarrasItem,CodigoBarrasCaja) VALUES('0bc7cb69-eedf-424a-8e52-2330f935b0e8','GOMAS DE AGUACATE','394d367d-44fd-41e3-875c-b24f172ada3a','','');
INSERT INTO Productos (Id,Nombre,UnidadMedidaId,CodigoBarrasItem,CodigoBarrasCaja) VALUES('25f6f83f-68bc-4e0d-b2c3-c6df9d42856f','CRAYOLAS DE 6 PIEZAS','394d367d-44fd-41e3-875c-b24f172ada3a','8810086000137','');
INSERT INTO Productos (Id,Nombre,UnidadMedidaId,CodigoBarrasItem,CodigoBarrasCaja) VALUES('621f2991-79fe-431d-991c-b582d477985f','CRAYOLAS DE 8 PIEZAS','394d367d-44fd-41e3-875c-b24f172ada3a','NB8','');
INSERT INTO Productos (Id,Nombre,UnidadMedidaId,CodigoBarrasItem,CodigoBarrasCaja) VALUES('28da8b57-dbca-416b-a0b5-d728659da148','STICKERS DIBUJOS ANIMADOS','394d367d-44fd-41e3-875c-b24f172ada3a','','');
INSERT INTO Productos (Id,Nombre,UnidadMedidaId,CodigoBarrasItem,CodigoBarrasCaja) VALUES('2d743311-c1f0-4e92-9366-11b5502e9746','CRAYOLAS DE 12 PIEZAS','394d367d-44fd-41e3-875c-b24f172ada3a','8810086000144','');
INSERT INTO Productos (Id,Nombre,UnidadMedidaId,CodigoBarrasItem,CodigoBarrasCaja) VALUES('dbf3d9d5-9581-4de0-a2fc-a4cbb8ef2187','BORRADORES FIGURA DE HELADO Y DULCES (PAQUETE X 4 )(6)','394d367d-44fd-41e3-875c-b24f172ada3a','','11855AW0008590181');
INSERT INTO Productos (Id,Nombre,UnidadMedidaId,CodigoBarrasItem,CodigoBarrasCaja) VALUES('7b786b99-eb56-4e8a-80e7-224d01bcf0f8','SACAPUNTA BUHO','394d367d-44fd-41e3-875c-b24f172ada3a','017XC7J0009236617','');
INSERT INTO Productos (Id,Nombre,UnidadMedidaId,CodigoBarrasItem,CodigoBarrasCaja) VALUES('ad000120-0cc7-406b-8a96-ec47f18d0f69','CUADERNO DE NOTAS','394d367d-44fd-41e3-875c-b24f172ada3a','01858EL0010313655','');
INSERT INTO Productos (Id,Nombre,UnidadMedidaId,CodigoBarrasItem,CodigoBarrasCaja) VALUES('2162a7ba-32b0-4552-b1c0-2ce026bd4d02','SACAPUNTA ESTINTOR','394d367d-44fd-41e3-875c-b24f172ada3a','019FCZ4S658029-08','');
INSERT INTO Productos (Id,Nombre,UnidadMedidaId,CodigoBarrasItem,CodigoBarrasCaja) VALUES('330e143e-745a-41df-84e3-fe0b578076d8','SACAPUNTA DE FRUTA','394d367d-44fd-41e3-875c-b24f172ada3a','018TNNG0004827309','');
INSERT INTO Productos (Id,Nombre,UnidadMedidaId,CodigoBarrasItem,CodigoBarrasCaja) VALUES('faf25a8b-f62b-4030-b462-ddf99a70cadb','SACAPUNTA INODORO','394d367d-44fd-41e3-875c-b24f172ada3a','019BV4C0007923115','');
INSERT INTO Productos (Id,Nombre,UnidadMedidaId,CodigoBarrasItem,CodigoBarrasCaja) VALUES('b945dd4e-a9b0-452c-ab98-8ee836dcafc4','ESTUCHE PARA COLORES','394d367d-44fd-41e3-875c-b24f172ada3a','0181HD50003533740','');
INSERT INTO Productos (Id,Nombre,UnidadMedidaId,CodigoBarrasItem,CodigoBarrasCaja) VALUES('299330bd-9df8-4943-9d08-7e4bea8b4588','BOLIGRAFO PASTILLA (PAQUETE X 5) (2)','394d367d-44fd-41e3-875c-b24f172ada3a','','019898Z0018556433');
INSERT INTO Productos (Id,Nombre,UnidadMedidaId,CodigoBarrasItem,CodigoBarrasCaja) VALUES('fff022d7-2ef3-4479-bcfa-cc64e692fe26','BORRADOR ALIMENTOS (PAQUETE X 6) (3)','394d367d-44fd-41e3-875c-b24f172ada3a','','019816K0008212722');
INSERT INTO Productos (Id,Nombre,UnidadMedidaId,CodigoBarrasItem,CodigoBarrasCaja) VALUES('f0d0fe74-0dab-4e25-9650-af5418354ee4','COPIA / IMPRESION BN','0441305e-5949-44a2-b0fc-daca53ab8add','','');
INSERT INTO Productos (Id,Nombre,UnidadMedidaId,CodigoBarrasItem,CodigoBarrasCaja) VALUES('c0eb4afb-05bc-4504-a548-f87672a5e3bd','LAPICERA ECONOMICA','0441305e-5949-44a2-b0fc-daca53ab8add','','X002M44CHZ');
INSERT INTO Productos (Id,Nombre,UnidadMedidaId,CodigoBarrasItem,CodigoBarrasCaja) VALUES('6527e6a1-448a-424e-b493-a36806426bda','TRAMITE DE CURP','0441305e-5949-44a2-b0fc-daca53ab8add','','');
INSERT INTO Productos (Id,Nombre,UnidadMedidaId,CodigoBarrasItem,CodigoBarrasCaja) VALUES('99123cd7-47cf-495b-a0d1-3d18de574c38','TRAMITE DE MI VACUNA','0441305e-5949-44a2-b0fc-daca53ab8add','','');
INSERT INTO Productos (Id,Nombre,UnidadMedidaId,CodigoBarrasItem,CodigoBarrasCaja) VALUES('c7a33056-8370-48f7-aee5-e7aed96547c5','BOLIGRAFO KILOMETRICO PAPERMATE MEDIANO AZUL','394d367d-44fd-41e3-875c-b24f172ada3a','','7703486035315');
INSERT INTO Productos (Id,Nombre,UnidadMedidaId,CodigoBarrasItem,CodigoBarrasCaja) VALUES('4e99db6c-b8ac-4781-b8cd-e4456019e553','BOLIGRAFO KILOMETRICO PAPERMATE MEDIANO NEGRO','394d367d-44fd-41e3-875c-b24f172ada3a','','7703486035339');
INSERT INTO Productos (Id,Nombre,UnidadMedidaId,CodigoBarrasItem,CodigoBarrasCaja) VALUES('d2106979-010b-4d57-935f-f612d8c63980','BOLIGRAFO KILOMETRICO PAPERMATE MEDIANO ROJO','394d367d-44fd-41e3-875c-b24f172ada3a','','7703486035322');
INSERT INTO Productos (Id,Nombre,UnidadMedidaId,CodigoBarrasItem,CodigoBarrasCaja) VALUES('3b10249e-b662-4966-881e-3229054e11d2','BOLIGRAFO KILOMETRICO PAPERMATE FINO NEGRO','394d367d-44fd-41e3-875c-b24f172ada3a','','7703486011661');
INSERT INTO Productos (Id,Nombre,UnidadMedidaId,CodigoBarrasItem,CodigoBarrasCaja) VALUES('97b852b4-0b94-4ab1-b0b0-75daf7f0688f','BOLIGRAFO KILOMETRICO PAPERMATE FINO AZUL','394d367d-44fd-41e3-875c-b24f172ada3a','','7703486011678');
INSERT INTO Productos (Id,Nombre,UnidadMedidaId,CodigoBarrasItem,CodigoBarrasCaja) VALUES('a697ce9f-4455-445a-a851-3393770be134','BOLIGRAFO KILOMETRICO PAPERMATE FINO ROJO','394d367d-44fd-41e3-875c-b24f172ada3a','','7703486011685');
INSERT INTO Productos (Id,Nombre,UnidadMedidaId,CodigoBarrasItem,CodigoBarrasCaja) VALUES('f01918cc-fea9-4f0b-9eba-bae373f7bec6','CUADERNO PROF. SCRIBE ESCOLAR PLUS HOJA BLANCA','394d367d-44fd-41e3-875c-b24f172ada3a','7506129430825','');
INSERT INTO Productos (Id,Nombre,UnidadMedidaId,CodigoBarrasItem,CodigoBarrasCaja) VALUES('b6444bdf-9a32-401c-9436-394375b441e5','LIBRO ILUMINAR PINTAME JUMBO 3 C/192 PAG','394d367d-44fd-41e3-875c-b24f172ada3a','9786079614768','');
INSERT INTO Productos (Id,Nombre,UnidadMedidaId,CodigoBarrasItem,CodigoBarrasCaja) VALUES('23ce09ea-5eb4-46ce-b5b9-c9dbc49e7c22','MARCADOR PARA PIZARRON BLANCO EXPO 44428 C/18 SURT','394d367d-44fd-41e3-875c-b24f172ada3a','','71641444287');
INSERT INTO Productos (Id,Nombre,UnidadMedidaId,CodigoBarrasItem,CodigoBarrasCaja) VALUES('7e2a88d6-3fad-45a2-84a6-9f9284eb9f25','LAPIZ MIRADO #2 CAJA C/72 + 12 MIRADO','394d367d-44fd-41e3-875c-b24f172ada3a','','');
INSERT INTO Productos (Id,Nombre,UnidadMedidaId,CodigoBarrasItem,CodigoBarrasCaja) VALUES('1d9be779-0538-456e-b10a-20575fdefcfc','LAPIZ TICONDEROGA #2','394d367d-44fd-41e3-875c-b24f172ada3a','','');
INSERT INTO Productos (Id,Nombre,UnidadMedidaId,CodigoBarrasItem,CodigoBarrasCaja) VALUES('d0c2ea8c-9fd2-43db-8a8b-b6533d892a37','LAPIZ TICONDEROGA TRENDY NEON 55743 BOTE C/50','394d367d-44fd-41e3-875c-b24f172ada3a','','');
INSERT INTO Productos (Id,Nombre,UnidadMedidaId,CodigoBarrasItem,CodigoBarrasCaja) VALUES('14155e6f-2500-4734-89c1-f13d7f0a5150','LAPIZ TICONDEROGA TRENDY PASTEL 55745 BOTEC/50','394d367d-44fd-41e3-875c-b24f172ada3a','','');
INSERT INTO Productos (Id,Nombre,UnidadMedidaId,CodigoBarrasItem,CodigoBarrasCaja) VALUES('dfc6e4f5-5053-498c-a42c-3241cc9b93be','LAPIZ TICONDEROGA TRENDY STRIPE 55746 BOTEC/50','394d367d-44fd-41e3-875c-b24f172ada3a','','');
INSERT INTO Productos (Id,Nombre,UnidadMedidaId,CodigoBarrasItem,CodigoBarrasCaja) VALUES('12e5d183-d6b0-40ef-b565-2670fef038bc','SERVICIO PRESTAMO INTERNET','0441305e-5949-44a2-b0fc-daca53ab8add','','');
INSERT INTO Productos (Id,Nombre,UnidadMedidaId,CodigoBarrasItem,CodigoBarrasCaja) VALUES('465b2f89-23ef-4b81-82bd-25d312781e5d','COLORES X 24 XTRON PREMIUN','0441305e-5949-44a2-b0fc-daca53ab8add','6928092707246','');
INSERT INTO Productos (Id,Nombre,UnidadMedidaId,CodigoBarrasItem,CodigoBarrasCaja) VALUES('b5c84d1a-4007-4184-bfa7-654dca50a21c','COLORES X 12 NEW ELITE','0441305e-5949-44a2-b0fc-daca53ab8add','6933315568597','');
INSERT INTO Productos (Id,Nombre,UnidadMedidaId,CodigoBarrasItem,CodigoBarrasCaja) VALUES('f3f0031b-7860-468c-9eed-8fb80f304a1f','COLORES X 8 LAPIZAZO','0441305e-5949-44a2-b0fc-daca53ab8add','8810086993187','');
INSERT INTO Productos (Id,Nombre,UnidadMedidaId,CodigoBarrasItem,CodigoBarrasCaja) VALUES('2dd54ab4-c4d8-4f40-ab74-6b210087ea06','MONEDAS METALICAS','0441305e-5949-44a2-b0fc-daca53ab8add','','');
INSERT INTO Productos (Id,Nombre,UnidadMedidaId,CodigoBarrasItem,CodigoBarrasCaja) VALUES('32132066-0ea1-43ec-a5e2-26cbe8dc2e01','BOLIGRAFO DE 4 COLORES','0441305e-5949-44a2-b0fc-daca53ab8add','','');
INSERT INTO Productos (Id,Nombre,UnidadMedidaId,CodigoBarrasItem,CodigoBarrasCaja) VALUES('e54c9a0a-8ced-4e96-9d25-51b967c38663','LAPICERO PUNTILLA','0441305e-5949-44a2-b0fc-daca53ab8add','','');
INSERT INTO Productos (Id,Nombre,UnidadMedidaId,CodigoBarrasItem,CodigoBarrasCaja) VALUES('fb7e63fd-9f05-4994-8280-68b09351b728','PUNTILLAS 0.5','0441305e-5949-44a2-b0fc-daca53ab8add','','');
INSERT INTO Productos (Id,Nombre,UnidadMedidaId,CodigoBarrasItem,CodigoBarrasCaja) VALUES('769614a4-68c0-4d6e-8bc4-b37940006fe6','KIT ESCOLAR','0441305e-5949-44a2-b0fc-daca53ab8add','','');
INSERT INTO Productos (Id,Nombre,UnidadMedidaId,CodigoBarrasItem,CodigoBarrasCaja) VALUES('2db4c87f-07f4-4bb4-a8a2-74ca74519378','TABLA TAMAÑO CARTA','0441305e-5949-44a2-b0fc-daca53ab8add','','');
INSERT INTO Productos (Id,Nombre,UnidadMedidaId,CodigoBarrasItem,CodigoBarrasCaja) VALUES('f75bb0d8-4144-4aec-ab76-25f94d452236','LOTERIA MEDIA CARTA','0441305e-5949-44a2-b0fc-daca53ab8add','','');
INSERT INTO Productos (Id,Nombre,UnidadMedidaId,CodigoBarrasItem,CodigoBarrasCaja) VALUES('f9fa1db7-c6b9-4655-b22c-db885a153915','PINZAS','0441305e-5949-44a2-b0fc-daca53ab8add','','');
INSERT INTO Productos (Id,Nombre,UnidadMedidaId,CodigoBarrasItem,CodigoBarrasCaja) VALUES('60cbeec6-b26f-4e5b-bd97-edb1fd0339bf','LEGGO','0441305e-5949-44a2-b0fc-daca53ab8add','','');
INSERT INTO Productos (Id,Nombre,UnidadMedidaId,CodigoBarrasItem,CodigoBarrasCaja) VALUES('c6aa1daa-c53f-42ba-9d6f-40662fb2afdd','JUEGO DE GEOMETRIA','0441305e-5949-44a2-b0fc-daca53ab8add','','');
INSERT INTO Productos (Id,Nombre,UnidadMedidaId,CodigoBarrasItem,CodigoBarrasCaja) VALUES('09b1dabf-a2f5-4b5b-ad31-e0785f91a855','POST IT BT 21','0441305e-5949-44a2-b0fc-daca53ab8add','','');
INSERT INTO Productos (Id,Nombre,UnidadMedidaId,CodigoBarrasItem,CodigoBarrasCaja) VALUES('fb3a2790-476c-4691-aa07-23375a03eb2a','POST IT KAWAII','0441305e-5949-44a2-b0fc-daca53ab8add','','');
INSERT INTO Productos (Id,Nombre,UnidadMedidaId,CodigoBarrasItem,CodigoBarrasCaja) VALUES('b0e2e904-1828-43fa-9fe3-ace06cf1c43a','PORTA CELULAR','0441305e-5949-44a2-b0fc-daca53ab8add','','');
INSERT INTO Productos (Id,Nombre,UnidadMedidaId,CodigoBarrasItem,CodigoBarrasCaja) VALUES('f3c89436-658b-4127-a16d-9380e40b14c6','BOTE DE SACAPUNTAS','0441305e-5949-44a2-b0fc-daca53ab8add','','');
INSERT INTO Productos (Id,Nombre,UnidadMedidaId,CodigoBarrasItem,CodigoBarrasCaja) VALUES('0f31193b-048a-4ff7-a692-f63e03c1493e','TIJERA CON PROTECTOR ','0441305e-5949-44a2-b0fc-daca53ab8add','','');
INSERT INTO Productos (Id,Nombre,UnidadMedidaId,CodigoBarrasItem,CodigoBarrasCaja) VALUES('56011ffc-ef9e-488c-b26c-ad7bd5775227','TIJERA PUNTA REDONDA','0441305e-5949-44a2-b0fc-daca53ab8add','','');
INSERT INTO Productos (Id,Nombre,UnidadMedidaId,CodigoBarrasItem,CodigoBarrasCaja) VALUES('b27a4dd5-f240-4588-9898-964381acd067','ACUARELA GRANDE','0441305e-5949-44a2-b0fc-daca53ab8add','','');
INSERT INTO Productos (Id,Nombre,UnidadMedidaId,CodigoBarrasItem,CodigoBarrasCaja) VALUES('69b08a50-d4ae-409c-9f87-df957e200a2e','ACUARELA CHICA','0441305e-5949-44a2-b0fc-daca53ab8add','','');
INSERT INTO Productos (Id,Nombre,UnidadMedidaId,CodigoBarrasItem,CodigoBarrasCaja) VALUES('79c71a58-9dd3-4d20-a189-4f24d3a2cf3b','PINTARON - MARCADOR TABLERO BORRABLE','0441305e-5949-44a2-b0fc-daca53ab8add','','');
INSERT INTO Productos (Id,Nombre,UnidadMedidaId,CodigoBarrasItem,CodigoBarrasCaja) VALUES('4fcd879b-efb6-4146-844c-e7f79c9976ee','PORTA GEL','0441305e-5949-44a2-b0fc-daca53ab8add','','');
INSERT INTO Productos (Id,Nombre,UnidadMedidaId,CodigoBarrasItem,CodigoBarrasCaja) VALUES('ceb28d7b-bd67-41c2-b728-bcd61c8a6b26','MARCATEXTO (#15)','0441305e-5949-44a2-b0fc-daca53ab8add','','');
INSERT INTO Productos (Id,Nombre,UnidadMedidaId,CodigoBarrasItem,CodigoBarrasCaja) VALUES('5a57f7f0-c313-437c-bbe6-193bb610d322','MARCATEXTO (#20)','0441305e-5949-44a2-b0fc-daca53ab8add','','');
INSERT INTO Productos (Id,Nombre,UnidadMedidaId,CodigoBarrasItem,CodigoBarrasCaja) VALUES('009d9407-4fed-4e5f-847a-34688f0747c3','LIBRO DE COLOREAR','0441305e-5949-44a2-b0fc-daca53ab8add','','');
INSERT INTO Productos (Id,Nombre,UnidadMedidaId,CodigoBarrasItem,CodigoBarrasCaja) VALUES('d948af13-ce55-46c0-93d8-93c1d8341265','LIBRETA PROFESIONAL CUADRO CHICO RIMEX','0441305e-5949-44a2-b0fc-daca53ab8add','','');
INSERT INTO Productos (Id,Nombre,UnidadMedidaId,CodigoBarrasItem,CodigoBarrasCaja) VALUES('047a6bc1-6439-48e8-8b4c-c6f9a9da06d7','LIBRETA PROFESIONAL CUADRO GRANDE RIMEX','0441305e-5949-44a2-b0fc-daca53ab8add','','');
INSERT INTO Productos (Id,Nombre,UnidadMedidaId,CodigoBarrasItem,CodigoBarrasCaja) VALUES('a5560c41-6842-4167-b2ca-6f51d6591df2','COPIA OPALINA','0441305e-5949-44a2-b0fc-daca53ab8add','','');
INSERT INTO Productos (Id,Nombre,UnidadMedidaId,CodigoBarrasItem,CodigoBarrasCaja) VALUES('7c865d37-6ac9-49be-bf6f-94555ea5a7cf','SOBRE CORRESPONDENCIA BLANCO OFICIO','0441305e-5949-44a2-b0fc-daca53ab8add','','');
INSERT INTO PreciosProductos VALUES('03213f34-a020-49b0-b7ff-81272f6c360d','57c4c975-ffc1-4c1e-a294-4dad0a9b70ad','2022-06-30 10:38:41.513',19);
INSERT INTO PreciosProductos VALUES('7e4d865f-eb01-4d06-9319-eb34d8fec4e4','1f20c201-6150-4d3e-9444-92acfd683a25','2022-06-30 10:38:41.513',6);
INSERT INTO PreciosProductos VALUES('8b69de62-4879-46b3-99c2-da5aa5ac19db','dbff042b-1c5b-4328-82d5-d22b992fc095','2022-06-30 10:38:41.513',5);
INSERT INTO PreciosProductos VALUES('6af7b76c-0256-4471-bee8-b7180731e20a','dc202adb-9793-46f8-9b4b-227e2376f4c5','2022-06-30 10:38:41.513',5);
INSERT INTO PreciosProductos VALUES('10c4e069-bf9c-47c4-9d6e-39a418163c38','350dd557-0dd0-4b6c-bc39-cdb14bb8e2cc','2022-06-30 10:38:41.513',5);
INSERT INTO PreciosProductos VALUES('948b104b-2c8b-42d2-b37e-fa9cb73d8160','7ae2bba5-cf88-4cc5-b6a6-434745fc1825','2022-06-30 10:38:41.513',4);
INSERT INTO PreciosProductos VALUES('05a6ee22-8afd-450d-82a5-a469c5eac036','56187f7b-08b9-4215-ac7e-e0d5ff178711','2022-06-30 10:38:41.513',5);
INSERT INTO PreciosProductos VALUES('eb56eb95-2498-47c6-8be1-3119e7e0c2b3','bf294675-135a-473f-af0f-73acc3616920','2022-06-30 10:38:41.513',8);
INSERT INTO PreciosProductos VALUES('d4cca012-a99e-4739-9de7-380180f2913b','9f7a8f9e-3fd5-4926-a3ea-699d869b74d7','2022-06-30 10:38:41.514',12);
INSERT INTO PreciosProductos VALUES('85ff4836-6573-436d-9122-aefdc43fcd21','9cdefba1-0d39-4800-b7c1-6249a3deda4e','2022-06-30 10:38:41.514',8);
INSERT INTO PreciosProductos VALUES('cbce548b-7447-41ec-961e-89941bc7b86a','4fde23ba-e43a-4c27-9e63-a34313252202','2022-06-30 10:38:41.514',23.499999999999999999);
INSERT INTO PreciosProductos VALUES('f64e6357-dc71-4628-9d5d-1624aae04706','4a730595-f7e7-4dfd-b6d6-70517fc49240','2022-06-30 10:38:41.514',13.5);
INSERT INTO PreciosProductos VALUES('d8c2d0f8-da20-466f-bc3a-5b92fbd3ddba','54851ce7-7735-495a-a8c2-dd662c8a5a6f','2022-06-30 10:38:41.514',17);
INSERT INTO PreciosProductos VALUES('87b322ae-1de4-4386-b590-aa263548adf4','96a0a97a-b630-4839-bc82-95e4039226fe','2022-06-30 10:38:41.514',13);
INSERT INTO PreciosProductos VALUES('8d304c21-a943-4b5e-bbba-8de50994dc19','eacf85b0-05dc-47dc-9f1e-899ec5c326b2','2022-06-30 10:38:41.514',36.5);
INSERT INTO PreciosProductos VALUES('dba3da6d-0a1f-476f-98b9-796027d9aacd','a6b90ceb-4247-404e-a402-9d1ff3973597','2022-06-30 10:38:41.514',17.5);
INSERT INTO PreciosProductos VALUES('a09989c3-80fa-434d-8ec4-4f10692ad4ea','b2e8f52d-b370-4ae5-8f62-cf55fc598fa9','2022-06-30 10:38:41.514',17.5);
INSERT INTO PreciosProductos VALUES('7e81048b-2a45-4e28-b78e-c054a75a08fe','ba30c4c7-3da7-4e4b-877f-815e57ec8337','2022-06-30 10:38:41.514',20);
INSERT INTO PreciosProductos VALUES('ca536d49-d10e-45e6-816d-0059c7b00193','6608218b-e22a-4075-8bb8-b2adf490b3ac','2022-06-30 10:38:41.514',20);
INSERT INTO PreciosProductos VALUES('27687b21-2f30-476d-a72f-b2371028154b','4789aea5-b530-4a40-8378-2d3b092b1754','2022-06-30 10:38:41.514',2.5);
INSERT INTO PreciosProductos VALUES('0c8e9831-ec37-418b-8c13-ced624b30dc2','f10fd3f5-ae22-4447-88ae-e67233a20731','2022-06-30 10:38:41.514',3.5);
INSERT INTO PreciosProductos VALUES('c61d978f-5611-491b-881b-472570c37618','db93e100-bc9f-471a-ab58-d657fce3eab9','2022-06-30 10:38:41.514',6.5);
INSERT INTO PreciosProductos VALUES('bb1a5923-daf4-409c-9ddd-17f0faf21690','3e03a742-9a72-482a-b63d-048104c7d05b','2022-06-30 10:38:41.514',28);
INSERT INTO PreciosProductos VALUES('2751158c-c90d-458a-aae3-ff6f1d838232','19e36473-774e-460b-908e-77fadd9f354e','2022-06-30 10:38:41.514',25);
INSERT INTO PreciosProductos VALUES('f51a62c4-b5e1-4288-abc9-688547fcd76d','3079caa5-a3a2-416b-9712-a30764f07203','2022-06-30 10:38:41.514',11);
INSERT INTO PreciosProductos VALUES('1bc2046e-c45a-4258-8c27-4d8db699a79a','85e62b35-87f6-4bb5-a079-2dfc6112672b','2022-06-30 10:38:41.514',16);
INSERT INTO PreciosProductos VALUES('c36dc830-eb73-4dfa-a8f5-ca426f6df68a','bde7473b-c28b-444c-bf39-ba847051836f','2022-06-30 10:38:41.514',7);
INSERT INTO PreciosProductos VALUES('55067d01-69e5-424b-8c80-3c06d4d44573','b120dad2-b00d-4ad3-918c-ba5906c44add','2022-06-30 10:38:41.514',2);
INSERT INTO PreciosProductos VALUES('8107b79b-6136-48fc-86ee-0beafe809784','8190e475-d1e5-458c-8b60-7ed31747465d','2022-06-30 10:38:41.514',25);
INSERT INTO PreciosProductos VALUES('b855aa76-a719-4c9c-a3d7-933e06e28aa1','c19390ef-7795-44f9-b804-0c0c5ed311b8','2022-06-30 10:38:41.514',6);
INSERT INTO PreciosProductos VALUES('e4334f63-08e3-4562-9bed-a1b3e8747a9a','4ce17f59-3d41-491b-909a-d2004537a2d4','2022-06-30 10:38:41.514',6);
INSERT INTO PreciosProductos VALUES('cda3d79b-51c8-4209-b9f5-363c11889cd5','605632d1-6c84-4c44-9db0-9360d2d9453e','2022-06-30 10:38:41.514',4);
INSERT INTO PreciosProductos VALUES('7d0996c4-9c23-4c84-9b4f-308d3d2746aa','f9540191-caa5-400e-940f-f015f0baab5a','2022-06-30 10:38:41.514',20);
INSERT INTO PreciosProductos VALUES('0e6fef4a-77e0-416c-a979-e18b65e3cecf','bb0fe574-e04a-4839-8151-8ac59fdd3707','2022-06-30 10:38:41.514',16);
INSERT INTO PreciosProductos VALUES('b56732ad-0e5a-4793-9413-85f4d8604525','cef1e29a-3647-4a0d-8c5f-552a16c505f2','2022-06-30 10:38:41.514',12.5);
INSERT INTO PreciosProductos VALUES('23599d95-03b5-4232-a8b0-aec078b4cbc1','0131c739-bd61-4ba1-a341-6b42598a58c3','2022-06-30 10:38:41.514',16);
INSERT INTO PreciosProductos VALUES('ef713bc2-ea6c-47c6-aad7-88b3d24ee0a6','be98540c-4824-42ed-b832-52e1597f10c5','2022-06-30 10:38:41.514',52);
INSERT INTO PreciosProductos VALUES('cb8dd4dc-dac0-4776-bdce-ae26b53cb3ec','2bbeb0a2-633a-4944-8eb8-b83afa06917d','2022-06-30 10:38:41.514',3.5);
INSERT INTO PreciosProductos VALUES('9a848f77-7df5-40e7-adb7-83c024d2c283','9c9d5658-0db6-4f99-aedb-234f69171218','2022-06-30 10:38:41.514',3.5);
INSERT INTO PreciosProductos VALUES('fd6a32e0-ce44-42d4-abea-283aa80ee185','cac8f2c5-3f80-4bbb-962f-8afc7df1ec33','2022-06-30 10:38:41.514',1);
INSERT INTO PreciosProductos VALUES('75bdda23-33cd-462c-95e5-354e82d3fd32','f0d4fb86-098c-4a11-8ecd-0d138d144c25','2022-06-30 10:38:41.514',2.25);
INSERT INTO PreciosProductos VALUES('438e7a11-0281-421b-a6de-48d6492c2c05','e598f847-9752-483a-8aca-8c4f34f973c6','2022-06-30 10:38:41.514',8.0700000000000002842);
INSERT INTO PreciosProductos VALUES('3258d09c-d554-45d2-8948-03c2d6cc24ca','f2dff186-20ba-4f64-8df5-720349cfef55','2022-06-30 10:38:41.514',7.5);
INSERT INTO PreciosProductos VALUES('c9b60cd5-235a-4ff4-978d-7d044fcc836e','c9a4e01c-35a7-4bd0-b8e8-4a9c34583f50','2022-06-30 10:38:41.514',6);
INSERT INTO PreciosProductos VALUES('05b676fa-29a2-4aa2-8b97-52e88b57d602','b299faa8-9db9-4978-bc28-4eb9c51d0287','2022-06-30 10:38:41.514',26);
INSERT INTO PreciosProductos VALUES('8a3a6845-5111-433c-be2f-84dad9dfb94e','e0ec06ec-38e1-4623-b833-b47fe673dfe9','2022-06-30 10:38:41.514',4);
INSERT INTO PreciosProductos VALUES('d2e79f76-6924-47bf-aa2d-514481323d19','0230b451-3230-4a91-98d9-8e745882f60f','2022-06-30 10:38:41.514',22);
INSERT INTO PreciosProductos VALUES('d288811c-2ef9-42af-96c6-20bf4bc11b75','d9940643-5d36-4711-9a41-7b4e6954f32e','2022-06-30 10:38:41.514',5);
INSERT INTO PreciosProductos VALUES('298d67d8-c79e-4ff2-a2e3-7e67851931d3','885962ba-909a-4e72-83ed-838c2f3e6434','2022-06-30 10:38:41.514',9);
INSERT INTO PreciosProductos VALUES('b143ef62-affe-486c-9b3a-1eacc709e1b1','418f8c47-fb8e-4b44-a17a-39c378bad358','2022-06-30 10:38:41.514',15);
INSERT INTO PreciosProductos VALUES('31c0f68e-f6e5-495b-b031-22e696d7c1f6','51495446-d018-4f03-a05d-22ec84af601e','2022-06-30 10:38:41.514',8);
INSERT INTO PreciosProductos VALUES('374bf77f-bcf1-4163-b433-1c2890cda918','573b3b1f-48bf-41d8-b1c6-4f5b67a228d8','2022-06-30 10:38:41.514',8);
INSERT INTO PreciosProductos VALUES('8a382ab0-4259-49cc-894a-979360e0b25f','e5a11065-8280-430a-849a-8bf7eb10c666','2022-06-30 10:38:41.514',9);
INSERT INTO PreciosProductos VALUES('ce5ea755-329d-44df-9126-dff52bd5fbf4','04417d06-10b7-42a8-9d76-babc1dc56b11','2022-06-30 10:38:41.515',8);
INSERT INTO PreciosProductos VALUES('3e721d0f-3af9-4c0d-8b8f-d34d7d41326e','b28379ac-fccd-473b-9948-7998a0a0ebae','2022-06-30 10:38:41.515',5);
INSERT INTO PreciosProductos VALUES('224d7570-c9df-46c5-bcc1-ef2ee7d6d846','8b682924-3250-4ad4-9ab6-410fcdb4dcc4','2022-06-30 10:38:41.515',5.5);
INSERT INTO PreciosProductos VALUES('d67acd74-ba07-4c39-98b5-9793721042db','33e08d00-f126-48e7-8585-5f6fe9672b78','2022-06-30 10:38:41.515',33);
INSERT INTO PreciosProductos VALUES('1e7f5f93-d2b3-43eb-9c15-fdf6ee46ee05','2f92aef2-aa52-41e3-8abe-38777540639f','2022-06-30 10:38:41.515',2.5);
INSERT INTO PreciosProductos VALUES('fdd64ea3-16da-430e-8ae0-d1cee42e085d','36d729e0-89cc-4370-a348-a811b0ffd6cd','2022-06-30 10:46:49.204',24);
INSERT INTO PreciosProductos VALUES('8f62db3b-91a8-46bf-8685-402e5a03ba0d','89fe459b-ef13-48b2-83b2-311dddb7ffc5','2022-06-30 10:46:49.204',24);
INSERT INTO PreciosProductos VALUES('3ff63c41-1d1e-4aa3-8b39-e7c0ed4ea8cf','74ab4a54-47b2-4f19-8435-bff21e3ebd8f','2022-06-30 10:46:49.204',24);
INSERT INTO PreciosProductos VALUES('7d7e622e-cf3a-45a8-9498-9ec31277f6ef','05ff13dd-fd0a-4506-9dd0-fd483eca34e2','2022-06-30 10:46:49.204',6);
INSERT INTO PreciosProductos VALUES('358823d5-2554-4555-95e5-c11169f4467e','57516d91-6595-4539-a592-53935646f768','2022-06-30 10:46:49.204',6);
INSERT INTO PreciosProductos VALUES('0fc3d5b9-a051-497b-952a-c0d1d1939bdf','91ac591b-2b6f-45f8-a808-3a6c3397c9ec','2022-06-30 10:46:49.204',6);
INSERT INTO PreciosProductos VALUES('e95f411f-666e-4c13-9b4b-0d2207fc53e0','c0b42acf-700f-482f-b6c2-814a9a7a6cf9','2022-06-30 10:46:49.204',6);
INSERT INTO PreciosProductos VALUES('6e91276c-e2ef-4b76-b9d7-e3edf4a24195','c58c07dd-028b-43ef-9ac1-405e9db05746','2022-06-30 10:46:49.204',6);
INSERT INTO PreciosProductos VALUES('d78b68c1-b98d-48ed-bb08-e443efec6f09','11d09c23-4796-43d5-b35e-1914ecac8770','2022-06-30 10:46:49.204',6);
INSERT INTO PreciosProductos VALUES('4ca07c56-685a-4a6a-a065-c3fc391804b7','2e399f67-18de-4078-9f3b-db0d8b0ddfd3','2022-06-30 10:50:26.636',15);
INSERT INTO PreciosProductos VALUES('ace218a0-bbdc-431a-80f2-7966d581f8f2','d515cb66-52af-4373-8267-899ae2434b6a','2022-06-30 10:50:26.636',25);
INSERT INTO PreciosProductos VALUES('994ae18e-e8c6-4b29-8639-5795357d0040','d7d1a149-d513-4b40-a7c5-33e419e6c984','2022-06-30 10:50:26.637',12);
INSERT INTO PreciosProductos VALUES('83891199-a372-47d4-9195-c963fe563661','60d53dde-cf46-42bc-8967-d5fb2b0be6bc','2022-06-30 10:50:26.637',35);
INSERT INTO PreciosProductos VALUES('2c8cf15a-61fa-4ff4-8786-450d089165a7','046967b3-7768-4d55-805b-e555b2784aa3','2022-06-30 10:50:26.637',15);
INSERT INTO PreciosProductos VALUES('5b36a915-bf09-471a-9495-90b0d61fea2f','39ad2c37-6287-49c7-9630-07b4a0226e04','2022-06-30 10:50:26.637',2);
INSERT INTO PreciosProductos VALUES('cff330ce-67f8-49f5-966f-19c69dc4f73f','619c6e64-0421-4040-98ba-db23ee565a96','2022-06-30 10:50:26.637',2);
INSERT INTO PreciosProductos VALUES('53970785-1f75-4f9a-80fe-14e248068491','cbc383b8-b4b1-4ef8-8ed3-5bfe8041c088','2022-06-30 10:50:26.637',2);
INSERT INTO PreciosProductos VALUES('63e695e1-f0fb-4507-ac8f-b23ca41ba1da','6594fe29-ad22-4ffa-9f64-324c2a102805','2022-06-30 10:50:26.637',10);
INSERT INTO PreciosProductos VALUES('681e80dc-aa37-42b3-9f47-92180a0a19c1','64eea60c-f83d-4867-a26f-98461674dcfb','2022-06-30 10:50:26.637',25);
INSERT INTO PreciosProductos VALUES('a9ccc66c-0798-4c27-b700-ec3e3b72bd41','ab1b1c4d-91c6-4466-ba38-858e624c36dd','2022-06-30 10:50:26.637',20);
INSERT INTO PreciosProductos VALUES('1403d55b-519b-487f-bf61-a63da8029391','381ff4f2-e947-42fb-9653-115d23acc57b','2022-06-30 10:50:26.637',15);
INSERT INTO PreciosProductos VALUES('4955bd3a-71c5-4088-acf3-1c6b7540def9','8866b262-3b69-45a4-ba76-6adf98dab86d','2022-06-30 10:50:26.637',15);
INSERT INTO PreciosProductos VALUES('a75f88f3-6a72-46d4-863a-dbecb92da457','35ff58d6-adcf-4df1-9810-b8cf63fd1dc9','2022-06-30 10:50:26.637',15);
INSERT INTO PreciosProductos VALUES('e0d58051-5263-4c20-9dfb-774fd2274081','a2847fbf-2516-4896-b2dd-a654182a83c6','2022-06-30 10:50:26.637',6);
INSERT INTO PreciosProductos VALUES('30210c3b-fcf9-4573-9e5b-c6505f17fa54','dc6dc317-f0a3-4564-a87b-0fd67676788e','2022-06-30 10:50:26.637',8);
INSERT INTO PreciosProductos VALUES('81a2e7f6-306d-477e-9d4b-e2703bf28e26','df49cf05-8170-4138-b80a-5922370999f5','2022-06-30 10:50:26.637',12);
INSERT INTO PreciosProductos VALUES('d3a220eb-180c-44c0-b027-e2060c513ae7','a383bfbb-b5e1-449a-bc72-f9d05d7621e4','2022-06-30 10:50:26.637',9);
INSERT INTO PreciosProductos VALUES('faf10058-bc22-4de8-b3d6-edf42c0e5bc2','f32dd0e9-c276-4540-a4e9-2a5618768fd2','2022-06-30 10:50:26.637',5);
INSERT INTO PreciosProductos VALUES('b076f691-5c2b-4bff-bcdf-39f11e2e131f','2d706189-ec9c-40e4-83c2-047cb2076369','2022-06-30 10:50:26.637',23);
INSERT INTO PreciosProductos VALUES('98568311-8569-4a97-b50f-ef92afc44891','a45c90b5-ca62-406b-b22d-3a4d7eaa97a5','2022-06-30 10:50:26.637',15);
INSERT INTO PreciosProductos VALUES('bb645e69-3d7d-49e3-af8b-831e7b5dff62','458b5091-dfdb-4de0-8708-f0665c6e822a','2022-06-30 10:50:26.637',16);
INSERT INTO PreciosProductos VALUES('3a9e0294-8833-4d10-9587-2433d8405804','cd56fd01-535d-47ef-bc1b-0fedb1b96b1d','2022-06-30 10:50:26.637',10);
INSERT INTO PreciosProductos VALUES('23df201c-9219-411c-9ebc-f7043ec0e018','c487136a-7544-4a1f-a630-9120d7f5aa02','2022-06-30 11:00:20.083',1);
INSERT INTO PreciosProductos VALUES('79295445-5074-460a-a1e4-a825dc4f1a35','cb3fb06f-2dc7-441a-a98a-6e7a1812232b','2022-06-30 11:00:20.083',1);
INSERT INTO PreciosProductos VALUES('f2558131-34bc-477f-a466-d6a9dea1c807','10f8d550-3484-4603-a142-b96c4a0b4c43','2022-06-30 11:00:20.083',1);
INSERT INTO PreciosProductos VALUES('9b0eda63-2de0-4ecd-a0b6-faf954777c4f','134d97a5-f770-48ca-afc4-9cecfc636d33','2022-06-30 11:00:20.084',1);
INSERT INTO PreciosProductos VALUES('8aaedbd2-4c88-4282-873d-43dcb05c39be','896fec02-251d-4a98-9989-c55355b2f11a','2022-06-30 11:00:20.084',1);
INSERT INTO PreciosProductos VALUES('882a2ddc-a51f-43bc-b44a-3c2e54bf51d1','96d7de23-7dd4-4dd0-927c-084c60ca875f','2022-06-30 11:00:20.084',1);
INSERT INTO PreciosProductos VALUES('677dd5a1-2121-4e3e-b3a3-bdbfb7bdc736','7227366a-9b56-4230-a0be-cee52f761f3e','2022-06-30 11:00:20.084',1);
INSERT INTO PreciosProductos VALUES('b8809f0a-f152-4112-8412-1c9752959e5c','e036ae7c-28b9-443e-83f9-2833352cb80a','2022-06-30 11:00:20.084',1);
INSERT INTO PreciosProductos VALUES('d800ee7a-c4bf-43e0-8927-4cd7a2043d68','05e2ce54-722c-4d15-a5cf-baae6c3ac402','2022-06-30 11:00:20.084',1);
INSERT INTO PreciosProductos VALUES('f1d0a75a-978a-4014-89e5-a511fb41bf34','7e914ab8-2971-426f-a0b4-0f8476e915ec','2022-06-30 11:00:20.084',1);
INSERT INTO PreciosProductos VALUES('8c39a050-d726-4392-b983-97f13381899e','222ff6f7-2550-4342-812b-7b680ebcd4d4','2022-06-30 11:00:20.084',1);
INSERT INTO PreciosProductos VALUES('dcf6330e-1eed-4c17-b2a3-ae8af5c9aa4f','60a28083-fbd3-4c09-8965-31e0378bab94','2022-06-30 11:00:20.084',1);
INSERT INTO PreciosProductos VALUES('b93cb057-e3b1-4758-abcc-5497b797ba3b','f05b5b05-2c2d-4f36-8eca-42df78af554f','2022-06-30 11:00:20.084',1);
INSERT INTO PreciosProductos VALUES('f5dd1802-6429-4e9a-9c37-c4152d59728e','1d84b8a8-5147-45a3-8b77-633ecc6115e8','2022-06-30 11:00:20.084',1);
INSERT INTO PreciosProductos VALUES('2723a1cc-9ba4-425e-a808-b7c32d4845a2','cbe06eb1-ba09-4343-841d-19ad12e3fdc7','2022-06-30 11:00:20.084',1);
INSERT INTO PreciosProductos VALUES('04282a50-df6c-4321-8e3b-e9f776f6c71c','7220996d-d53c-47e0-b4da-7509de7069bd','2022-06-30 11:00:20.084',1);
INSERT INTO PreciosProductos VALUES('96e9b735-8039-4490-a55d-a18e11061172','f3ef2720-0783-4e6d-9f4b-2cf6f91d964c','2022-06-30 11:00:20.084',1);
INSERT INTO PreciosProductos VALUES('21b09160-b027-4a6e-94b9-1f7483de6801','d17742d6-b209-412a-b68b-28609094b388','2022-06-30 11:00:20.084',1);
INSERT INTO PreciosProductos VALUES('f34e7c03-7d6b-4d73-b31a-b3b54a168537','e3f27e23-4120-47c0-83ec-bdef7e7b95be','2022-06-30 11:00:20.084',1);
INSERT INTO PreciosProductos VALUES('7f6643bd-71c8-4693-aec3-14643689a7e5','caa2ce4e-b5a8-4b2d-bf1c-d6b29c08fd6e','2022-06-30 11:00:20.084',1);
INSERT INTO PreciosProductos VALUES('3524c36a-ed9c-4514-ab38-e1d18c73038c','301e09b4-58ee-4341-84e8-ee69f78ec7c5','2022-06-30 11:00:20.084',1);
INSERT INTO PreciosProductos VALUES('7905e194-414e-48ec-a0ef-cd33bb41c0dd','c3ab2abf-ada2-4d6c-b3b7-76ac132e6759','2022-06-30 11:00:20.084',1);
INSERT INTO PreciosProductos VALUES('24cd2b5e-efc0-4243-a9ef-5e6d8f983758','2717be7e-3a6b-497a-89db-48fb7716dd8d','2022-06-30 11:00:20.084',1);
INSERT INTO PreciosProductos VALUES('8e693fae-1e3d-4056-8f74-707862b7d64a','7281b876-9858-44cd-9824-592467071240','2022-06-30 11:00:20.084',1);
INSERT INTO PreciosProductos VALUES('18ddfbde-417e-48b8-a437-9048b1b6a048','6bf24143-819e-4294-859c-09ee776ff24b','2022-06-30 11:00:20.084',1);
INSERT INTO PreciosProductos VALUES('73fe5be8-98e4-4fda-9e59-bf4c9a50a60b','9cc3ca43-af03-4fac-b859-5cffaaaf8b45','2022-06-30 11:00:20.084',1);
INSERT INTO PreciosProductos VALUES('e549e746-33c5-45d7-8c3d-918d3ae55e2b','dbc935a5-b1c3-4937-93f5-1de3a4d3640e','2022-06-30 11:00:20.084',1);
INSERT INTO PreciosProductos VALUES('4774fae6-a985-47c3-928f-1dc5641bb940','3c51f201-fb51-47ad-98ed-8bd2743bb155','2022-06-30 11:00:20.084',1);
INSERT INTO PreciosProductos VALUES('a077a321-a9c8-4bd6-8fe5-abf486c45939','26e418ec-53cf-476b-9921-6098058c1f2c','2022-06-30 11:00:20.084',1);
INSERT INTO PreciosProductos VALUES('27e7e6ce-34e2-462b-a944-b52e08975a48','b7acea95-4af1-4dc3-8fa0-b556a7556c91','2022-06-30 11:00:20.084',1);
INSERT INTO PreciosProductos VALUES('c863d677-4eda-4d5a-b67c-01bf70036984','b85f1e15-21b0-427e-b845-ded7122368be','2022-06-30 11:00:20.084',1);
INSERT INTO PreciosProductos VALUES('6d08e50a-4aa5-4836-ac86-558a82dfa77d','a4320568-db05-44e9-9fb8-9ed57c947fe7','2022-06-30 11:00:20.084',1);
INSERT INTO PreciosProductos VALUES('53d9420d-89a9-4915-9d03-4088e907080d','e3f11243-6741-4a5d-a6e2-804ae6057183','2022-06-30 11:00:20.084',1);
INSERT INTO PreciosProductos VALUES('5fcf278c-2ba7-4d2f-8ba6-61d22bc8392b','aff0698e-633f-4f4f-9e78-524b48f15105','2022-06-30 11:00:20.084',1);
INSERT INTO PreciosProductos VALUES('e74ddbe6-8468-4209-ba50-a80ceced267c','12501d02-324a-400a-ad04-755d2b7ca210','2022-06-30 11:00:20.084',1);
INSERT INTO PreciosProductos VALUES('b72f84dc-9dac-4be0-b1e5-c597e57fb17a','f06517b0-1f0a-4c6c-917c-13c36313262b','2022-06-30 11:00:20.084',2);
INSERT INTO PreciosProductos VALUES('e74d64ac-52df-4bce-8db4-0b6667d94e1b','997d6863-9449-40e6-bead-9c0af4348859','2022-06-30 11:00:20.084',2);
INSERT INTO PreciosProductos VALUES('c4eb8185-e068-4315-8174-abe3e647ab90','a29c9af0-d530-4218-b96b-d19f1d6bf13c','2022-06-30 11:00:20.084',2);
INSERT INTO PreciosProductos VALUES('b1bd1fe6-8876-4c8f-96c7-897586f9bef0','64cd0550-2604-4529-9a51-bf7f41ed3d98','2022-06-30 11:00:20.084',2);
INSERT INTO PreciosProductos VALUES('5cc4dc18-4190-408f-949c-8fdb48f68323','f37c8d50-1648-4ea4-a783-7924bda7d25f','2022-06-30 11:00:20.084',2);
INSERT INTO PreciosProductos VALUES('4fa0b182-a45a-4c6f-aeca-92af8932f03e','af403453-194c-4fd9-b017-2d5cb0fc1a86','2022-06-30 11:00:20.084',2);
INSERT INTO PreciosProductos VALUES('44f3f1c4-d3f9-45ea-aeeb-7d4e6d0c416f','0ea6f305-0575-4ba0-ab50-6f928a1477b2','2022-06-30 11:00:20.084',2);
INSERT INTO PreciosProductos VALUES('27c5f12c-8851-40a6-bc70-0936dc9b9b90','5efe1d9c-1268-40f8-bfd6-3845b1f35428','2022-06-30 11:00:20.084',2);
INSERT INTO PreciosProductos VALUES('3a1c2f64-02b1-4f23-907b-efcd38f4cd9c','0b28d229-f4c2-429d-a869-67d643356be0','2022-06-30 11:00:20.084',2);
INSERT INTO PreciosProductos VALUES('6a995b2e-8920-43d9-bef6-7c826903a17d','ec30f820-d40c-4d9b-94cc-2223e0eddb87','2022-06-30 11:00:20.084',2);
INSERT INTO PreciosProductos VALUES('6e63a68d-904f-4509-9369-92a4129ac4ea','f7263ec1-9f70-4ee7-8c9b-3028bb02ccc9','2022-06-30 11:00:20.084',2);
INSERT INTO PreciosProductos VALUES('b2bacf0b-40fe-404d-aa07-c0dfc5f9c8b5','61a1890e-778b-4727-9dea-fa3f93c82f04','2022-06-30 11:00:20.084',2);
INSERT INTO PreciosProductos VALUES('05d147d2-ca80-4c4f-807b-3632d6752e48','900b07a5-42f2-4dab-a39b-b75deda84814','2022-06-30 11:00:20.084',2);
INSERT INTO PreciosProductos VALUES('bee079d1-c513-43eb-ad85-c4a082674781','6955b219-f9ef-49f4-b73a-485e3e6350e5','2022-06-30 11:00:20.084',2);
INSERT INTO PreciosProductos VALUES('362f2606-fb57-47e0-be53-a62f56c67a31','5485b849-260c-40a0-9598-19dfa3071bfe','2022-06-30 11:00:20.084',2);
INSERT INTO PreciosProductos VALUES('9a29f2a4-6039-4435-b43e-771fe47c9b51','1356c5c0-a2cd-4149-9129-2dc7d6c0254f','2022-06-30 11:00:20.084',2);
INSERT INTO PreciosProductos VALUES('22a67e45-9b11-42b8-bb9f-ba5211b08cea','6fac78b3-b7ce-4b0a-a0b4-c5c92e367f34','2022-06-30 11:00:20.084',2);
INSERT INTO PreciosProductos VALUES('d2e60200-4832-42c9-9b70-4822f9c8ca74','2401080a-dd30-461f-9757-0e554b5b70e3','2022-06-30 11:00:20.084',2);
INSERT INTO PreciosProductos VALUES('8f27043c-8673-47e6-a96f-1d69f7484c41','7167b2a8-5633-47ab-96a3-c8b9d0b7ec9d','2022-06-30 11:00:20.084',2);
INSERT INTO PreciosProductos VALUES('4e9c93de-5267-4f79-89b0-5c6d87d17ffc','e4270af0-610e-4e69-ae48-9b6230dc4a1b','2022-06-30 11:00:20.084',2);
INSERT INTO PreciosProductos VALUES('00474ad0-bc04-4682-9e46-bc6865d55458','db6ff439-ac12-4426-86d8-cd70ebf916fc','2022-06-30 11:00:20.084',2);
INSERT INTO PreciosProductos VALUES('962fb13c-297c-492b-8f2b-e9c18fa275c5','24fa8273-9bda-4d92-a91e-19b705cfc2d5','2022-06-30 11:00:20.084',2);
INSERT INTO PreciosProductos VALUES('1f332320-b8f9-45aa-ac98-1955dcb079a4','bd0bbca7-a412-456e-9398-5bda1cd8c967','2022-06-30 11:00:20.084',2);
INSERT INTO PreciosProductos VALUES('7d284a9c-3549-465c-b4c1-094a806c9bd1','405bce9d-be16-4e48-b053-c88ae0508a99','2022-06-30 11:00:20.084',2);
INSERT INTO PreciosProductos VALUES('bddf6dda-f6b0-41db-ae74-eb00416fb20d','3e2261b5-1b51-4bee-a4a3-0ce1251c41c3','2022-06-30 11:00:20.084',2);
INSERT INTO PreciosProductos VALUES('23f1a357-29b2-4a0b-b38e-406e5fbfddc7','cc8da818-df5b-43a9-bf47-0afecec28fab','2022-06-30 11:00:20.084',2);
INSERT INTO PreciosProductos VALUES('c4f44d67-d081-47ae-9082-31b78206dc99','acd64cc4-0648-4858-9852-56a1b19a2f1a','2022-06-30 11:00:20.084',2);
INSERT INTO PreciosProductos VALUES('d3f87d64-e989-4d1b-aab5-22c3a88102ec','a023d191-0adc-44f5-8058-ae429d2bc69c','2022-06-30 11:00:20.084',2);
INSERT INTO PreciosProductos VALUES('d006ab73-7bab-4041-84ed-2611563d9b00','bad7bf06-d990-4d97-bbb6-3f5a0c936b55','2022-06-30 11:00:20.084',2);
INSERT INTO PreciosProductos VALUES('fa251304-86f5-49f9-a898-6c38d5d02dee','01d79d91-f6fd-4be6-8d68-0ffb92db986e','2022-06-30 11:00:20.084',2);
INSERT INTO PreciosProductos VALUES('ddcde0ba-6e4e-467d-8f05-eef4b383c848','3ffddcc8-46d9-4bde-9445-164be01bd8f1','2022-06-30 11:00:20.084',2);
INSERT INTO PreciosProductos VALUES('e4d49160-68f9-4b26-b863-78de88647442','8d456418-8b51-4c54-a518-623db612c648','2022-06-30 11:00:20.084',2);
INSERT INTO PreciosProductos VALUES('5f4d277f-054c-4b46-8679-d9b3016c65a0','3856683e-2a55-4433-b5fd-ebb8a533e167','2022-06-30 11:00:20.084',2);
INSERT INTO PreciosProductos VALUES('54b40a1f-7b2b-4932-9824-eff0e5910535','db2febc1-36d3-4e90-9ff9-c132ff28ef54','2022-06-30 11:00:20.084',2);
INSERT INTO PreciosProductos VALUES('8c53a7ca-5d23-4e17-bd23-d7517f154004','d3b06acb-5eec-4f49-92fc-3047d658001f','2022-06-30 11:00:20.084',2);
INSERT INTO PreciosProductos VALUES('ab432f91-2675-4d6a-a9de-1c5ef7799b36','c4746fc1-9db3-4cc9-bdda-a9488fd4aa56','2022-06-30 11:00:20.084',2);
INSERT INTO PreciosProductos VALUES('4289c603-d232-495c-bf6f-866595305947','bb9d431e-3385-436d-81cb-0c6c6e5713f8','2022-06-30 11:00:20.084',2);
INSERT INTO PreciosProductos VALUES('33aa7891-67d3-4946-8e05-2d513ec04e66','0622d264-0372-4485-a44e-353d444bba13','2022-06-30 11:00:20.084',2);
INSERT INTO PreciosProductos VALUES('3f17767f-2a73-4263-9c2d-fda510ddf3c9','8400535d-aee8-46c7-9aac-61bb4a2a08f6','2022-06-30 11:00:20.084',2);
INSERT INTO PreciosProductos VALUES('3a2664f3-dff2-4ec3-bf01-45d52c07321e','48e01207-c3b7-4432-abe5-eaf2b7562342','2022-06-30 11:00:20.084',2);
INSERT INTO PreciosProductos VALUES('188da053-8136-42fc-95df-555503abf537','b2181876-07e7-4ced-9f9e-f1e36efe815c','2022-06-30 11:00:20.084',2);
INSERT INTO PreciosProductos VALUES('4edb8204-c6b3-407f-9a89-86f1e6b3a218','cc54c0d5-ef6b-4e9f-9b93-887ad20f95b0','2022-06-30 11:00:20.084',2);
INSERT INTO PreciosProductos VALUES('8e2819ae-6823-43e1-955d-c8a88ed9495e','3b1f33f4-a860-4a95-acd1-55cc54444971','2022-06-30 11:00:20.084',2);
INSERT INTO PreciosProductos VALUES('469b0951-4515-43f3-987a-cb3bdcf4ddc3','cc523f05-b722-4bb2-a446-d6ca12aa0082','2022-06-30 11:00:20.084',2);
INSERT INTO PreciosProductos VALUES('0db9c9f8-7b83-4a87-bcbb-2d49a9393244','b40f9b2e-7422-46cb-85be-390d45709ee5','2022-06-30 11:00:20.084',2);
INSERT INTO PreciosProductos VALUES('53c6f8f6-2b2a-469c-9a12-eed538ce3cc8','42acead8-0276-4db8-bae8-a98ba21c09a4','2022-06-30 11:00:20.084',2);
INSERT INTO PreciosProductos VALUES('5e143f31-1d21-4797-96ad-03108018c728','8f13bb58-caa9-4864-9f31-854514be4b27','2022-06-30 11:00:20.084',2);
INSERT INTO PreciosProductos VALUES('72282138-cd81-4870-b56c-72bbae52f7f0','d8ce5e81-b69a-4b15-9207-304d15d04bd9','2022-06-30 11:00:20.084',2);
INSERT INTO PreciosProductos VALUES('b528a64b-246d-4a39-a7a7-7c04eabe89a8','6a299c58-75ee-4149-b64d-85b3245a7ebe','2022-06-30 11:00:20.084',2);
INSERT INTO PreciosProductos VALUES('0741b77b-5125-4e92-8a4d-f1e4853e900d','2d9a13ed-2c98-4ba6-af39-07e323a6b88f','2022-06-30 11:00:20.084',1);
INSERT INTO PreciosProductos VALUES('de5ba0c2-c184-425b-b373-57e745b5f85c','25320cb1-c6a3-4a35-8ecb-cb0087d792dc','2022-06-30 11:00:20.084',1);
INSERT INTO PreciosProductos VALUES('895be1ea-ec7d-4d79-ab37-ba24b9982f85','74091171-2f53-4e33-b46d-0be774cee8ef','2022-06-30 11:00:20.085',1);
INSERT INTO PreciosProductos VALUES('7b435580-b850-403e-a02c-f3958c7ba1d8','d3b3eb14-cb24-4f97-9e5b-4004622bb766','2022-06-30 11:00:20.085',1);
INSERT INTO PreciosProductos VALUES('cd955b70-2f6b-4a73-b4e2-f62dbd1cf52b','28507269-fef1-4a33-843c-62787d834aa8','2022-06-30 11:00:20.085',1);
INSERT INTO PreciosProductos VALUES('67fd9bff-c316-4e7b-932a-d30f0f3a2001','8e508eb5-dbcf-4aa3-9568-de723992b6ad','2022-06-30 11:00:20.085',1);
INSERT INTO PreciosProductos VALUES('e53e2fcd-ffd0-4ab0-bb93-a8c0a72d1fee','b024b2df-6870-403a-a83f-e8f5ff6cfd5f','2022-06-30 11:00:20.085',1);
INSERT INTO PreciosProductos VALUES('ff33a4ce-6921-4599-bb14-d82c2b3fb419','161f7490-61a8-45cf-a583-09e600329350','2022-06-30 11:00:20.085',1);
INSERT INTO PreciosProductos VALUES('805b5a6b-339b-4f0c-97b1-f5b34c07dc95','6a30b655-bf64-4b50-9d65-bbca8125c76f','2022-06-30 11:00:20.085',1);
INSERT INTO PreciosProductos VALUES('59ca4e8f-8677-43e1-94ff-6a102874aa94','6f6a3580-b87a-4036-a395-2861e7a399fd','2022-06-30 11:00:20.085',1);
INSERT INTO PreciosProductos VALUES('b8bb85f5-6150-40fc-85e2-88979232dab0','f1d4ddb6-0241-4e41-b8bb-77388d286ae5','2022-06-30 11:00:20.085',1);
INSERT INTO PreciosProductos VALUES('292d2cdc-fe6f-4b79-ada8-414fa83b8885','f7775c01-f203-44d3-a95a-d79494e127bf','2022-06-30 11:00:20.085',1);
INSERT INTO PreciosProductos VALUES('4481ec79-ef65-4317-8d68-c6191990230f','f9a4f3f9-4da7-4331-853f-c49c1a93289e','2022-06-30 11:00:20.085',1);
INSERT INTO PreciosProductos VALUES('dbe850ac-85a4-46d1-8cc1-09fb32b9667a','0366bf57-8220-4181-8f92-45fe2e70335a','2022-06-30 11:00:20.085',1);
INSERT INTO PreciosProductos VALUES('f6998bf0-cd06-4d90-ba7a-27185b4cffeb','fbee9499-7aea-406e-bb46-35c5293f14da','2022-06-30 11:00:20.085',1);
INSERT INTO PreciosProductos VALUES('b2abc147-000b-4089-bacf-d916da41a855','e58cfae9-ae4c-4029-be04-904907b35550','2022-06-30 11:00:20.085',1);
INSERT INTO PreciosProductos VALUES('9a180231-39e9-4881-9098-68b57490e0f7','29553bd1-c580-4b74-8de9-2e85590ee916','2022-06-30 11:00:20.085',1);
INSERT INTO PreciosProductos VALUES('88f3c864-21b7-4801-88f9-cc4ea767a3d6','49e84910-63a0-48c5-b0cd-e2b62d354cc4','2022-06-30 11:00:20.085',1);
INSERT INTO PreciosProductos VALUES('1de6dbc7-659e-4741-962b-b73a204e7ed5','997974d5-53b0-4dfc-8e23-57a64c6420b9','2022-06-30 11:00:20.085',6);
INSERT INTO PreciosProductos VALUES('a8690f0e-0ba7-4f45-a9cd-961ace916c10','46e3b42d-8c1f-42c0-96a8-d61a307b2282','2022-06-30 11:00:20.085',6);
INSERT INTO PreciosProductos VALUES('340730c4-0b39-4f62-bde1-013d7857b19e','f45ab0bc-be03-47e0-ae5d-5edaa1addbee','2022-06-30 11:00:20.085',1);
INSERT INTO PreciosProductos VALUES('d5b7fd34-ab64-4c9f-a6f7-98ac2046fb85','cc9a45ab-22b4-4b5e-9ea1-2f276adb02c3','2022-06-30 11:00:20.085',1);
INSERT INTO PreciosProductos VALUES('d16068de-1170-459b-9f63-ea3cc7d5e4a2','af9ec623-e6c4-4b21-b3c1-45eff1e26bd0','2022-06-30 11:00:20.085',1);
INSERT INTO PreciosProductos VALUES('eac597f4-0f45-4352-a5e6-ea4f44478245','7afc7392-4479-4c4f-97ef-2be900abaa6c','2022-06-30 11:00:20.085',1);
INSERT INTO PreciosProductos VALUES('b426db60-73d6-4546-901a-80139604d594','25dcfd6d-0e61-4b2d-9a8b-6de5acaa932d','2022-06-30 11:00:20.085',1);
INSERT INTO PreciosProductos VALUES('bbd53ace-5b62-4289-b967-cf31aa50f68a','b871aac0-0127-4d26-b34e-e54a30bb5eac','2022-06-30 11:00:20.085',1);
INSERT INTO PreciosProductos VALUES('703b030d-e821-4040-8aeb-f3ac99ffb061','057907d8-7191-4e91-b738-d5cdc149cc5a','2022-06-30 11:00:20.085',1);
INSERT INTO PreciosProductos VALUES('49442916-0f52-45bc-b0ad-15d04f2829f3','29dd9ef9-2b52-41de-b0c1-c5ea25d25ac6','2022-06-30 11:00:20.085',1);
INSERT INTO PreciosProductos VALUES('b2f6b2a9-13ce-4c32-8c25-ce2b8d6e65ee','b75c48f4-3654-456e-9d45-c5f7df8f1786','2022-06-30 11:00:20.085',1);
INSERT INTO PreciosProductos VALUES('8672e427-3a61-4fd2-93e8-6f5cf6592f47','8896d3a1-fdd4-447a-bdee-35036c7ff714','2022-06-30 11:00:20.085',1);
INSERT INTO PreciosProductos VALUES('89a245cd-9ffd-47e5-8c33-49f1adb601cc','e940f1a1-c208-4ad2-98d5-e04451c1d259','2022-06-30 11:00:20.085',1);
INSERT INTO PreciosProductos VALUES('46cb6f5c-74eb-4a6c-b1c3-0bf634289fe6','7df88d02-877d-4e34-92de-fa28185e7071','2022-06-30 11:00:20.085',1);
INSERT INTO PreciosProductos VALUES('b82fe37f-c0aa-4334-b70c-6007fb546b85','1276b9bf-12e3-4e04-aac8-487950e8bfb8','2022-06-30 11:00:20.085',1);
INSERT INTO PreciosProductos VALUES('169c6a20-31bf-4fea-8b72-f1979f4f73bb','e1726cdb-f5e7-4a9f-9d0d-cfeaa79780df','2022-06-30 11:00:20.085',1);
INSERT INTO PreciosProductos VALUES('6905f2d6-ad45-4ede-bdf8-fffe6df0d280','fcac5ef3-9ced-41f9-a139-75ecebd98d44','2022-06-30 11:00:20.085',1);
INSERT INTO PreciosProductos VALUES('72a5d662-0dd9-42fb-84e2-e99ae711ba92','e902c05f-ad20-44a0-9be2-333d3970da28','2022-06-30 11:00:20.085',1);
INSERT INTO PreciosProductos VALUES('cae81826-1e58-4d57-ae81-9e476a4aabf4','5c72b610-ca26-4650-9489-2bb711e503da','2022-06-30 11:00:20.085',1);
INSERT INTO PreciosProductos VALUES('fd61a4ce-1160-43a0-ba62-c279bdff0764','d46317cf-8cfd-4f8f-a1ca-5fd3e4e34727','2022-06-30 11:00:20.085',1);
INSERT INTO PreciosProductos VALUES('5419015f-f232-4983-976e-276a1d7b5c4d','d0f24d51-576c-4b9c-93b8-6a76d9b7e7df','2022-06-30 11:00:20.085',1);
INSERT INTO PreciosProductos VALUES('31118cf6-4605-495c-9af0-0c411a1c002e','25fdb193-0968-4676-93b3-d80e0390163b','2022-06-30 11:00:20.085',1);
INSERT INTO PreciosProductos VALUES('014b6c0c-2055-41ef-bcdc-cd081b4f8b29','fa74986d-ca33-4c8d-8c7d-3a287d7fa0aa','2022-06-30 11:12:01.640',12);
INSERT INTO PreciosProductos VALUES('85459c35-f062-4d39-8414-684c0689957c','fba34212-9643-4ef7-a96a-900762f2fa9f','2022-06-30 11:12:01.640',12);
INSERT INTO PreciosProductos VALUES('666bec9e-3939-4ed0-a08c-f2f8dba73cce','530a23d1-4093-4736-bc93-51ffdd42a349','2022-06-30 11:12:01.641',35);
INSERT INTO PreciosProductos VALUES('c2bc67c3-a1c3-4064-b2e1-69947c13244b','c01d93cc-41b6-445e-a03c-7889fd9ce0ea','2022-06-30 11:12:01.641',25);
INSERT INTO PreciosProductos VALUES('81622b31-befd-4776-aa52-dab4f71b791c','a3a2da0f-7230-49fc-a49e-69577b8f749a','2022-06-30 11:12:01.641',23);
INSERT INTO PreciosProductos VALUES('06f59a23-45c2-43ac-a828-d1f263abed60','3443d25e-1fe3-491f-b666-7933700558e4','2022-06-30 11:12:01.641',45);
INSERT INTO PreciosProductos VALUES('a68e06c3-4b0f-448b-bea0-db4c12f3ff8e','1be3ea96-2f38-4d5d-a400-8f20d1acef94','2022-06-30 11:12:01.641',25);
INSERT INTO PreciosProductos VALUES('aa638c06-9120-4738-be26-e6e970d44a0a','aa75a615-4021-490f-b222-b7c8199fe407','2022-06-30 11:12:01.641',30);
INSERT INTO PreciosProductos VALUES('be44d0a0-42ee-4f5f-8446-5fb466a2f419','396b8e2b-eb64-42f5-a2dc-39acc8baaf50','2022-06-30 11:12:01.641',20);
INSERT INTO PreciosProductos VALUES('b15454c5-374b-49cb-969b-8de615749a06','48bd1420-88a4-4655-b80d-637c426c5b82','2022-06-30 11:12:01.641',12);
INSERT INTO PreciosProductos VALUES('b5950b07-09a2-4256-b8f4-dd6db8392f50','ef7380ec-5ae7-4c21-b5ad-e0f7f16063ef','2022-06-30 11:12:01.641',13);
INSERT INTO PreciosProductos VALUES('00b0f774-49c5-491f-86d3-1c53ce3fa1be','ea3e439c-350d-4d5f-8ee1-a9d4604e3430','2022-06-30 11:12:01.641',13);
INSERT INTO PreciosProductos VALUES('5d19e11a-ab13-4764-861f-507e7c69702d','dfb571f5-6fb4-45bd-8275-1a3485a70d0f','2022-06-30 11:12:01.641',13);
INSERT INTO PreciosProductos VALUES('89278581-8f3e-4159-8c30-09a7a63ef6a7','3b2db0d9-1829-4903-8d99-86ad3c3e7b85','2022-06-30 11:12:01.641',18);
INSERT INTO PreciosProductos VALUES('543f6578-ebb2-4b77-ba1d-284bad790737','1432c48e-8118-4931-b91a-8f3019efd1f7','2022-06-30 11:12:01.641',10);
INSERT INTO PreciosProductos VALUES('060e7db8-1d5b-4395-acbc-5331d2247c1f','0bc7cb69-eedf-424a-8e52-2330f935b0e8','2022-06-30 11:12:01.641',12);
INSERT INTO PreciosProductos VALUES('f8c159ec-145c-46b2-878a-32d73dd09312','25f6f83f-68bc-4e0d-b2c3-c6df9d42856f','2022-06-30 11:12:01.641',10);
INSERT INTO PreciosProductos VALUES('2b318f4d-6af3-4ece-a5bc-c59f3865ed82','621f2991-79fe-431d-991c-b582d477985f','2022-06-30 11:12:01.641',15);
INSERT INTO PreciosProductos VALUES('39c5f179-b374-44d4-95aa-df63183b567e','28da8b57-dbca-416b-a0b5-d728659da148','2022-06-30 11:12:01.641',15);
INSERT INTO PreciosProductos VALUES('9bf7f80d-b3ab-4ce8-9ad6-168899d8f86b','2d743311-c1f0-4e92-9366-11b5502e9746','2022-06-30 11:12:01.641',20);
INSERT INTO PreciosProductos VALUES('c8667fd2-3f81-4baf-932c-002123b6ad85','dbf3d9d5-9581-4de0-a2fc-a4cbb8ef2187','2022-06-30 11:34:18.492',50);
INSERT INTO PreciosProductos VALUES('0918425a-2f86-483d-adf3-2f7af55add47','7b786b99-eb56-4e8a-80e7-224d01bcf0f8','2022-06-30 11:34:18.492',25);
INSERT INTO PreciosProductos VALUES('e6be56d1-c49b-4623-837d-f3f71a1b4bca','ad000120-0cc7-406b-8a96-ec47f18d0f69','2022-06-30 11:34:18.492',20);
INSERT INTO PreciosProductos VALUES('d9df3da5-0453-4c50-97ab-40e356f974f1','2162a7ba-32b0-4552-b1c0-2ce026bd4d02','2022-06-30 11:34:18.492',22);
INSERT INTO PreciosProductos VALUES('208dbcab-84d4-4a08-adab-3a35dd530833','330e143e-745a-41df-84e3-fe0b578076d8','2022-06-30 11:34:18.492',22);
INSERT INTO PreciosProductos VALUES('8345f81b-0bda-484f-b3c8-a0db6d74a6fe','faf25a8b-f62b-4030-b462-ddf99a70cadb','2022-06-30 11:34:18.492',22);
INSERT INTO PreciosProductos VALUES('1d1f9e28-d5ba-4cf3-9b21-d10e08a334ea','b945dd4e-a9b0-452c-ab98-8ee836dcafc4','2022-06-30 11:34:18.492',60);
INSERT INTO PreciosProductos VALUES('28a37123-7f90-4fa7-95c2-63059910b70b','299330bd-9df8-4943-9d08-7e4bea8b4588','2022-06-30 11:34:18.492',15);
INSERT INTO PreciosProductos VALUES('66657211-c79f-49b2-aad0-d7a1f7fe218c','fff022d7-2ef3-4479-bcfa-cc64e692fe26','2022-06-30 11:34:18.492',60);
INSERT INTO PreciosProductos VALUES('32ad0668-b98e-45e2-b3b0-f3b398d30bd6','f0d0fe74-0dab-4e25-9650-af5418354ee4','2022-06-30 12:46:21.078',1);
INSERT INTO PreciosProductos VALUES('1bd8079c-07e6-46e1-8133-d4c6369bb442','c0eb4afb-05bc-4504-a548-f87672a5e3bd','2022-06-30 15:06:17.236',25);
INSERT INTO PreciosProductos VALUES('b905cdd3-e7ba-42e1-9edf-b44d76c0058c','6527e6a1-448a-424e-b493-a36806426bda','2022-07-04 14:43:39.936',5);
INSERT INTO PreciosProductos VALUES('7d908ec0-d07f-4435-93d9-f1f0ec6f5d3b','99123cd7-47cf-495b-a0d1-3d18de574c38','2022-07-04 14:43:39.936',5);
INSERT INTO PreciosProductos VALUES('136f2a16-36f4-469c-92f5-856624e9810a','c7a33056-8370-48f7-aee5-e7aed96547c5','2022-07-05 12:34:36.838',5);
INSERT INTO PreciosProductos VALUES('a5bd5348-673e-4a8d-a83b-48d951b3900d','4e99db6c-b8ac-4781-b8cd-e4456019e553','2022-07-05 12:34:36.838',5);
INSERT INTO PreciosProductos VALUES('f4860ebb-4e49-4e07-9357-64b189aea3ac','d2106979-010b-4d57-935f-f612d8c63980','2022-07-05 12:34:36.838',5);
INSERT INTO PreciosProductos VALUES('8bbd8067-3ce2-4cdb-827b-0a0bf3eae43c','3b10249e-b662-4966-881e-3229054e11d2','2022-07-05 12:34:36.838',5);
INSERT INTO PreciosProductos VALUES('7fb39570-6219-4396-ad21-f8cc97ceb744','97b852b4-0b94-4ab1-b0b0-75daf7f0688f','2022-07-05 12:34:36.838',5);
INSERT INTO PreciosProductos VALUES('65e7b9cc-f494-4efa-ba74-84d070bedee5','a697ce9f-4455-445a-a851-3393770be134','2022-07-05 12:34:36.838',5);
INSERT INTO PreciosProductos VALUES('c40fd5cc-27c2-4a4b-98d4-f8d6c6b10c7f','f01918cc-fea9-4f0b-9eba-bae373f7bec6','2022-07-05 12:34:36.838',35);
INSERT INTO PreciosProductos VALUES('672058b8-fba0-4c21-b8b6-a24b41826a12','b6444bdf-9a32-401c-9436-394375b441e5','2022-07-05 12:34:36.838',70);
INSERT INTO PreciosProductos VALUES('b5b198dd-781e-4770-9e34-0e80dbbca003','23ce09ea-5eb4-46ce-b5b9-c9dbc49e7c22','2022-07-05 12:34:36.838',20);
INSERT INTO PreciosProductos VALUES('d621e9d6-1793-4f9f-b721-5a3354ec4a6f','7e2a88d6-3fad-45a2-84a6-9f9284eb9f25','2022-07-05 12:34:36.838',6);
INSERT INTO PreciosProductos VALUES('952539d3-8357-4e57-91e3-da383ce643fc','1d9be779-0538-456e-b10a-20575fdefcfc','2022-07-05 12:34:36.838',7);
INSERT INTO PreciosProductos VALUES('5cedf12d-6dbb-45ca-bb35-b4987fa71c8e','d0c2ea8c-9fd2-43db-8a8b-b6533d892a37','2022-07-05 12:34:36.838',7);
INSERT INTO PreciosProductos VALUES('b128f073-0bc2-4086-9e76-c02a8337d0cb','14155e6f-2500-4734-89c1-f13d7f0a5150','2022-07-05 12:34:36.838',7);
INSERT INTO PreciosProductos VALUES('43cfda35-17b2-4f36-b98c-6d763f86805f','dfc6e4f5-5053-498c-a42c-3241cc9b93be','2022-07-05 12:34:36.838',7);
INSERT INTO PreciosProductos VALUES('1fb5786b-7561-4cce-bc2b-52171ffea9af','12e5d183-d6b0-40ef-b565-2670fef038bc','2022-07-06 11:54:55.327',1);
INSERT INTO PreciosProductos VALUES('54c1aa5f-4d08-42f4-aa7b-3f338d111dc0','465b2f89-23ef-4b81-82bd-25d312781e5d','2022-07-07 15:47:29.486',45);
INSERT INTO PreciosProductos VALUES('e4cac9dd-9287-41f7-be1e-10e38ef0d740','b5c84d1a-4007-4184-bfa7-654dca50a21c','2022-07-07 15:47:29.486',26);
INSERT INTO PreciosProductos VALUES('8174e73d-eddd-4e6c-a922-37496649fe03','f3f0031b-7860-468c-9eed-8fb80f304a1f','2022-07-07 15:47:29.486',18);
INSERT INTO PreciosProductos VALUES('035783ff-552d-4c4b-aac9-80138d80a88f','2dd54ab4-c4d8-4f40-ab74-6b210087ea06','2022-07-07 15:47:29.486',26);
INSERT INTO PreciosProductos VALUES('98d6b238-443d-4e33-9fb1-29d9446f17c5','32132066-0ea1-43ec-a5e2-26cbe8dc2e01','2022-07-07 15:47:29.486',25);
INSERT INTO PreciosProductos VALUES('ebd9908d-0b3d-48b4-8f74-77956a957881','e54c9a0a-8ced-4e96-9d25-51b967c38663','2022-07-07 15:47:29.486',15);
INSERT INTO PreciosProductos VALUES('0ceeb33e-46f4-4361-a1e5-29ea3ae17074','fb7e63fd-9f05-4994-8280-68b09351b728','2022-07-07 15:47:29.486',12);
INSERT INTO PreciosProductos VALUES('bb687ea9-afb0-408f-b246-1b0a67ab2a1c','769614a4-68c0-4d6e-8bc4-b37940006fe6','2022-07-07 15:47:29.486',26);
INSERT INTO PreciosProductos VALUES('dc006691-3178-4582-a671-48e50a39ff8c','2db4c87f-07f4-4bb4-a8a2-74ca74519378','2022-07-07 15:47:29.486',56);
INSERT INTO PreciosProductos VALUES('5452b82c-3753-4bac-b03d-dda896a9b815','f75bb0d8-4144-4aec-ab76-25f94d452236','2022-07-07 15:47:29.486',10);
INSERT INTO PreciosProductos VALUES('7036f4df-93d9-4efe-88d7-ab9fda427074','f9fa1db7-c6b9-4655-b22c-db885a153915','2022-07-07 15:47:29.486',25);
INSERT INTO PreciosProductos VALUES('b993c856-3b80-4c8c-848d-fab43b336e81','60cbeec6-b26f-4e5b-bd97-edb1fd0339bf','2022-07-07 15:47:29.486',15);
INSERT INTO PreciosProductos VALUES('c8286055-42ec-422e-b344-d7b6a3419882','c6aa1daa-c53f-42ba-9d6f-40662fb2afdd','2022-07-07 15:47:29.486',35);
INSERT INTO PreciosProductos VALUES('77b1cdbb-27c5-4b26-888f-c8600fd60a26','09b1dabf-a2f5-4b5b-ad31-e0785f91a855','2022-07-07 15:47:29.486',27);
INSERT INTO PreciosProductos VALUES('46dbb6a5-b10b-47df-9edd-3288b8c6a818','fb3a2790-476c-4691-aa07-23375a03eb2a','2022-07-07 15:47:29.486',27);
INSERT INTO PreciosProductos VALUES('44553ad5-4404-4ec0-adbb-ac112e0a6d8a','b0e2e904-1828-43fa-9fe3-ace06cf1c43a','2022-07-07 15:47:29.486',40);
INSERT INTO PreciosProductos VALUES('5240b4dc-1b0b-4a21-9a1b-d03a11b8a399','f3c89436-658b-4127-a16d-9380e40b14c6','2022-07-07 15:47:29.486',2.5);
INSERT INTO PreciosProductos VALUES('d612ebcc-3647-4d22-8896-dddd64995586','0f31193b-048a-4ff7-a692-f63e03c1493e','2022-07-07 15:47:29.486',17);
INSERT INTO PreciosProductos VALUES('dc7382b1-e177-42a2-ac87-9c6b16bda0dd','56011ffc-ef9e-488c-b26c-ad7bd5775227','2022-07-07 15:47:29.486',20);
INSERT INTO PreciosProductos VALUES('6839a683-ddc0-48ec-8963-c1f87f8f5e96','b27a4dd5-f240-4588-9898-964381acd067','2022-07-07 15:47:29.486',27);
INSERT INTO PreciosProductos VALUES('80850034-3e40-4f05-b00e-66435c1aa894','69b08a50-d4ae-409c-9f87-df957e200a2e','2022-07-07 15:47:29.486',23);
INSERT INTO PreciosProductos VALUES('8c43d735-4b0b-4b44-90d9-257e9014040d','79c71a58-9dd3-4d20-a189-4f24d3a2cf3b','2022-07-07 15:47:29.486',15);
INSERT INTO PreciosProductos VALUES('e0a6e6ae-03d1-4b14-bcf8-b96502ec424d','4fcd879b-efb6-4146-844c-e7f79c9976ee','2022-07-07 15:47:29.486',20);
INSERT INTO PreciosProductos VALUES('30134a83-b607-4d07-a3d1-e079360aec3a','ceb28d7b-bd67-41c2-b728-bcd61c8a6b26','2022-07-07 15:47:29.486',35);
INSERT INTO PreciosProductos VALUES('c6abadab-2ed0-49f2-8e24-6816d1a69681','5a57f7f0-c313-437c-bbe6-193bb610d322','2022-07-07 15:47:29.486',45);
INSERT INTO PreciosProductos VALUES('7681130f-4a20-4723-908f-bdd8975cf326','009d9407-4fed-4e5f-847a-34688f0747c3','2022-07-07 15:47:29.486',15);
INSERT INTO PreciosProductos VALUES('0907a7c1-89e6-4bb0-8eff-eba21958f3b0','d948af13-ce55-46c0-93d8-93c1d8341265','2022-07-07 15:47:29.486',22);
INSERT INTO PreciosProductos VALUES('c05677fd-1ef7-4262-82a5-8498c90af938','047a6bc1-6439-48e8-8b4c-c6f9a9da06d7','2022-07-07 15:47:29.486',22);
INSERT INTO PreciosProductos VALUES('ec64e36c-ea78-4d62-95a4-20645afbdcd8','f10fd3f5-ae22-4447-88ae-e67233a20731','2022-07-11 10:42:02.790',4);
INSERT INTO PreciosProductos VALUES('2525cb34-265d-4e70-ab0c-e091bead9146','a5560c41-6842-4167-b2ca-6f51d6591df2','2022-07-12 11:53:21.304',5);
INSERT INTO PreciosProductos VALUES('8fd15d86-c4ca-4c6e-b015-55f0b8651749','7c865d37-6ac9-49be-bf6f-94555ea5a7cf','2022-07-12 15:38:33.148',2);
INSERT INTO CategoriasProductos VALUES('d6c1d6c1-2cba-4ccc-94b9-f5ceea58145b','28151987-e59f-417e-a5d2-a91613b54d59','57c4c975-ffc1-4c1e-a294-4dad0a9b70ad');
INSERT INTO CategoriasProductos VALUES('a8336c5c-ad8a-4d76-b0fb-32c6810f2653','a3310dea-abda-427e-9a4d-a414fb494c55','1f20c201-6150-4d3e-9444-92acfd683a25');
INSERT INTO CategoriasProductos VALUES('016a0b8d-c160-4c52-b0b5-f1a0b009930d','f784ee08-6cb3-4b96-bf68-dbfaea95f2d4','dbff042b-1c5b-4328-82d5-d22b992fc095');
INSERT INTO CategoriasProductos VALUES('64781b18-fdaa-4321-b47d-cf07efdad4e9','f784ee08-6cb3-4b96-bf68-dbfaea95f2d4','dc202adb-9793-46f8-9b4b-227e2376f4c5');
INSERT INTO CategoriasProductos VALUES('028feef9-8d9a-498f-8e4d-0338eb0ef6d3','f784ee08-6cb3-4b96-bf68-dbfaea95f2d4','350dd557-0dd0-4b6c-bc39-cdb14bb8e2cc');
INSERT INTO CategoriasProductos VALUES('430366a2-93ef-46d4-aacc-de12ffaddbbb','2c08cd4d-358d-4606-8a08-2cf49f5ba198','7ae2bba5-cf88-4cc5-b6a6-434745fc1825');
INSERT INTO CategoriasProductos VALUES('1fb0aa13-357f-4623-81dd-4130a37dacf8','2c08cd4d-358d-4606-8a08-2cf49f5ba198','56187f7b-08b9-4215-ac7e-e0d5ff178711');
INSERT INTO CategoriasProductos VALUES('7ced954b-b4de-4b67-a62d-4cbbf265d27e','2c08cd4d-358d-4606-8a08-2cf49f5ba198','bf294675-135a-473f-af0f-73acc3616920');
INSERT INTO CategoriasProductos VALUES('c42e8928-78c2-46ed-bac8-a08247f1e790','2c08cd4d-358d-4606-8a08-2cf49f5ba198','9f7a8f9e-3fd5-4926-a3ea-699d869b74d7');
INSERT INTO CategoriasProductos VALUES('c0d46d6d-a0b2-4c15-83c4-baa953a92599','98aaacb9-8409-4f6f-a7e4-f2be0cc54a5c','9cdefba1-0d39-4800-b7c1-6249a3deda4e');
INSERT INTO CategoriasProductos VALUES('0ed3a881-73d7-4a5d-b9a5-c91cad40bd23','eb79f421-84de-4c75-96fa-09bb2fb6e5ae','4fde23ba-e43a-4c27-9e63-a34313252202');
INSERT INTO CategoriasProductos VALUES('811b24ce-a5f7-4db7-8d7a-79ce64cd7fe9','46a98adb-e780-4837-b598-eab127e1e928','4a730595-f7e7-4dfd-b6d6-70517fc49240');
INSERT INTO CategoriasProductos VALUES('942123fe-68be-4ff4-8077-c4acf23653f2','b78f95df-3410-4b47-b31f-de5c1285b119','54851ce7-7735-495a-a8c2-dd662c8a5a6f');
INSERT INTO CategoriasProductos VALUES('31785f98-3171-4eac-8219-b58eaf2d92d4','78021aa4-5466-4ad3-9dcd-1a778ae11309','96a0a97a-b630-4839-bc82-95e4039226fe');
INSERT INTO CategoriasProductos VALUES('dc205527-b7c2-4f99-8928-4cdc6019a585','506e3027-ac17-49c0-9cd2-baafec5dcf3f','eacf85b0-05dc-47dc-9f1e-899ec5c326b2');
INSERT INTO CategoriasProductos VALUES('2e3b34ef-7cda-486e-9885-99dc5b93e9e7','caffba03-d615-482c-a2e6-c4eb28410ea2','a6b90ceb-4247-404e-a402-9d1ff3973597');
INSERT INTO CategoriasProductos VALUES('61001fe4-0451-43d8-a569-61ac0543326b','caffba03-d615-482c-a2e6-c4eb28410ea2','b2e8f52d-b370-4ae5-8f62-cf55fc598fa9');
INSERT INTO CategoriasProductos VALUES('254e5dcf-875d-47a9-9f57-ea657f2fd101','622dd465-5151-47ff-8200-ed24bbcf1568','ba30c4c7-3da7-4e4b-877f-815e57ec8337');
INSERT INTO CategoriasProductos VALUES('494f7b4a-0954-4f4b-addf-6f9a60d84b1e','622dd465-5151-47ff-8200-ed24bbcf1568','6608218b-e22a-4075-8bb8-b2adf490b3ac');
INSERT INTO CategoriasProductos VALUES('59f1ecd8-dd5e-4e74-9b95-757cfc15ff74','eb79f421-84de-4c75-96fa-09bb2fb6e5ae','4789aea5-b530-4a40-8378-2d3b092b1754');
INSERT INTO CategoriasProductos VALUES('ed25dcc9-3402-4878-8da7-111071c0f570','579b2f19-4db0-4950-9b68-a566d61446b9','f10fd3f5-ae22-4447-88ae-e67233a20731');
INSERT INTO CategoriasProductos VALUES('1fdf3c7e-c5ba-466d-8fcd-09de5cb61f25','579b2f19-4db0-4950-9b68-a566d61446b9','db93e100-bc9f-471a-ab58-d657fce3eab9');
INSERT INTO CategoriasProductos VALUES('bedece05-fbbd-486a-8f08-50915b13c385','579b2f19-4db0-4950-9b68-a566d61446b9','3e03a742-9a72-482a-b63d-048104c7d05b');
INSERT INTO CategoriasProductos VALUES('ab218c6e-4c2a-4e84-ba9f-c64a99899642','579b2f19-4db0-4950-9b68-a566d61446b9','19e36473-774e-460b-908e-77fadd9f354e');
INSERT INTO CategoriasProductos VALUES('a0e2ce39-2052-42bc-912b-a1d9bbbc999d','9c87cfa7-4de1-4ed2-aa33-2d5fd98b75c6','3079caa5-a3a2-416b-9712-a30764f07203');
INSERT INTO CategoriasProductos VALUES('5400b785-4004-4c49-8cf2-ca957c258865','9c87cfa7-4de1-4ed2-aa33-2d5fd98b75c6','85e62b35-87f6-4bb5-a079-2dfc6112672b');
INSERT INTO CategoriasProductos VALUES('2f45aaba-a57c-45c5-b525-6bdb8e2e2f87','1d90e81f-2bbb-4c4d-b465-fa58357e3426','bde7473b-c28b-444c-bf39-ba847051836f');
INSERT INTO CategoriasProductos VALUES('05aeb08b-fb9a-485c-bfe2-5447191e6707','4927fb40-2837-44a2-a4b3-8c7105f8f0a8','b120dad2-b00d-4ad3-918c-ba5906c44add');
INSERT INTO CategoriasProductos VALUES('8e359089-91bd-4958-8a93-a79ad7bf7405','0a9d7b83-44f8-481b-ab1b-9aa9be8e2adc','8190e475-d1e5-458c-8b60-7ed31747465d');
INSERT INTO CategoriasProductos VALUES('47b6b034-f4d7-485c-8300-02f2cffc3f23','c312861b-e78a-47c1-8d90-8701c6f4fc36','c19390ef-7795-44f9-b804-0c0c5ed311b8');
INSERT INTO CategoriasProductos VALUES('1e0546c3-c731-4e50-a91a-f7b1ef677ec9','15653b7a-3b70-4562-a7e6-922a8fa06375','4ce17f59-3d41-491b-909a-d2004537a2d4');
INSERT INTO CategoriasProductos VALUES('7b53fc6a-e1e0-4cf1-a206-cb01ba721234','15653b7a-3b70-4562-a7e6-922a8fa06375','605632d1-6c84-4c44-9db0-9360d2d9453e');
INSERT INTO CategoriasProductos VALUES('a29c2026-c66f-4c27-a60a-443540b0ad2d','029c1968-735d-4714-9ed1-85eb6ee07fb7','f9540191-caa5-400e-940f-f015f0baab5a');
INSERT INTO CategoriasProductos VALUES('69aa838c-34bd-4fa2-ad97-841e7b37a6c7','105acebe-15c7-4ca8-bbfb-2c8ec2de973e','bb0fe574-e04a-4839-8151-8ac59fdd3707');
INSERT INTO CategoriasProductos VALUES('f443d05d-6922-443b-a6b2-cf5664410ebe','e6b1af12-5416-4ef8-89e3-586dacfb460f','cef1e29a-3647-4a0d-8c5f-552a16c505f2');
INSERT INTO CategoriasProductos VALUES('80b5e681-69ad-4d1a-a158-22f11d17c425','e5eaae45-49f2-4d54-a80c-ab54bd00582b','0131c739-bd61-4ba1-a341-6b42598a58c3');
INSERT INTO CategoriasProductos VALUES('f113cef4-ebb8-4da7-97d3-9eaef5da57af','bc6c383c-dd59-45ea-b4ac-d9bf0e341dc2','be98540c-4824-42ed-b832-52e1597f10c5');
INSERT INTO CategoriasProductos VALUES('b55dcc72-8ee8-4f29-b98c-ba6d4a72ddc9','4927fb40-2837-44a2-a4b3-8c7105f8f0a8','2bbeb0a2-633a-4944-8eb8-b83afa06917d');
INSERT INTO CategoriasProductos VALUES('ba13b05e-952a-41e8-9957-d2494263bd7d','4927fb40-2837-44a2-a4b3-8c7105f8f0a8','9c9d5658-0db6-4f99-aedb-234f69171218');
INSERT INTO CategoriasProductos VALUES('4e601e5b-e696-48aa-b64a-a45e8910cc05','4927fb40-2837-44a2-a4b3-8c7105f8f0a8','cac8f2c5-3f80-4bbb-962f-8afc7df1ec33');
INSERT INTO CategoriasProductos VALUES('9e3b0f35-2f28-4d7d-8eb6-f7f5d5730f91','4927fb40-2837-44a2-a4b3-8c7105f8f0a8','f0d4fb86-098c-4a11-8ecd-0d138d144c25');
INSERT INTO CategoriasProductos VALUES('8aee51bb-9d62-420c-8f72-3b526b2b09e7','4927fb40-2837-44a2-a4b3-8c7105f8f0a8','e598f847-9752-483a-8aca-8c4f34f973c6');
INSERT INTO CategoriasProductos VALUES('33663809-3e41-4b7e-b758-d2aa3c63327f','4927fb40-2837-44a2-a4b3-8c7105f8f0a8','f2dff186-20ba-4f64-8df5-720349cfef55');
INSERT INTO CategoriasProductos VALUES('5388d16c-7056-4a27-94ac-bd7323416f1a','4927fb40-2837-44a2-a4b3-8c7105f8f0a8','c9a4e01c-35a7-4bd0-b8e8-4a9c34583f50');
INSERT INTO CategoriasProductos VALUES('df1ab75b-af6d-496e-a306-6b299054c54d','f07f740a-5677-4c5a-bc2e-6d066427481b','b299faa8-9db9-4978-bc28-4eb9c51d0287');
INSERT INTO CategoriasProductos VALUES('d7a1c409-a156-4a1e-afb6-12a8023235c1','f07f740a-5677-4c5a-bc2e-6d066427481b','e0ec06ec-38e1-4623-b833-b47fe673dfe9');
INSERT INTO CategoriasProductos VALUES('2e6f5e05-0f95-48b1-ab14-c2d5c108b002','995451eb-05d2-4de5-933c-7d169774510e','0230b451-3230-4a91-98d9-8e745882f60f');
INSERT INTO CategoriasProductos VALUES('c999c830-7a36-4a2e-8086-6a139a276eae','0a9d7b83-44f8-481b-ab1b-9aa9be8e2adc','d9940643-5d36-4711-9a41-7b4e6954f32e');
INSERT INTO CategoriasProductos VALUES('a39c8488-e0a8-4f4f-8496-60a6e00cbd3b','c5e00c3e-f338-4270-b14e-155f7c158755','885962ba-909a-4e72-83ed-838c2f3e6434');
INSERT INTO CategoriasProductos VALUES('9f599256-df12-40ae-8f27-bdbbb72c3d29','65e75842-813f-4568-9dbc-4be308415122','418f8c47-fb8e-4b44-a17a-39c378bad358');
INSERT INTO CategoriasProductos VALUES('e512bb4d-4857-4a8b-9cdc-1dadff4edffa','0a9d7b83-44f8-481b-ab1b-9aa9be8e2adc','51495446-d018-4f03-a05d-22ec84af601e');
INSERT INTO CategoriasProductos VALUES('4c34d397-238a-4d2f-9ee3-6a22d8555510','7e9567fb-ae60-44f2-a85c-4c3eb239384a','573b3b1f-48bf-41d8-b1c6-4f5b67a228d8');
INSERT INTO CategoriasProductos VALUES('375bede8-03a0-4d90-bb01-8000983b70ef','7e9567fb-ae60-44f2-a85c-4c3eb239384a','e5a11065-8280-430a-849a-8bf7eb10c666');
INSERT INTO CategoriasProductos VALUES('7ba577af-0813-4935-a9d0-4dd37e6757b2','3be4ac9c-d862-4619-a4a4-a48c33f1f5b9','04417d06-10b7-42a8-9d76-babc1dc56b11');
INSERT INTO CategoriasProductos VALUES('46ff2cb0-dfea-4e06-a143-4c9debcee13f','e54a4b27-ce6f-444c-80c8-935c40042f2e','b28379ac-fccd-473b-9948-7998a0a0ebae');
INSERT INTO CategoriasProductos VALUES('d0641c88-097d-4e26-b8d5-8590ee59de8e','1b7f2987-f370-42c9-ae7e-0908c635a68d','8b682924-3250-4ad4-9ab6-410fcdb4dcc4');
INSERT INTO CategoriasProductos VALUES('f32892c1-f31e-4124-9d98-fa9bc9b94f6f','eb79f421-84de-4c75-96fa-09bb2fb6e5ae','33e08d00-f126-48e7-8585-5f6fe9672b78');
INSERT INTO CategoriasProductos VALUES('4126d021-c7b7-4f55-a0e5-ea708965f49b','1fde4dd3-5fd3-4efe-a99f-bcde7cfd39b2','2f92aef2-aa52-41e3-8abe-38777540639f');
INSERT INTO CategoriasProductos VALUES('144091c8-bbf8-441a-b735-49494635928f','622dd465-5151-47ff-8200-ed24bbcf1568','36d729e0-89cc-4370-a348-a811b0ffd6cd');
INSERT INTO CategoriasProductos VALUES('d5353a36-f9ce-40db-a120-ea7e20fc3317','622dd465-5151-47ff-8200-ed24bbcf1568','89fe459b-ef13-48b2-83b2-311dddb7ffc5');
INSERT INTO CategoriasProductos VALUES('a99dcdbc-207b-4698-bc3a-c353842c7b0d','622dd465-5151-47ff-8200-ed24bbcf1568','74ab4a54-47b2-4f19-8435-bff21e3ebd8f');
INSERT INTO CategoriasProductos VALUES('3b45c445-4229-4493-9075-75f73b23f0c1','4927fb40-2837-44a2-a4b3-8c7105f8f0a8','05ff13dd-fd0a-4506-9dd0-fd483eca34e2');
INSERT INTO CategoriasProductos VALUES('ee3e78e6-1c0b-4604-a86b-6009f1d70d37','4927fb40-2837-44a2-a4b3-8c7105f8f0a8','57516d91-6595-4539-a592-53935646f768');
INSERT INTO CategoriasProductos VALUES('0d7c2370-34b1-46a5-9193-33dbebb9111b','4927fb40-2837-44a2-a4b3-8c7105f8f0a8','91ac591b-2b6f-45f8-a808-3a6c3397c9ec');
INSERT INTO CategoriasProductos VALUES('8f1772d2-1460-4eb3-8a62-e06c91b9809c','4927fb40-2837-44a2-a4b3-8c7105f8f0a8','c0b42acf-700f-482f-b6c2-814a9a7a6cf9');
INSERT INTO CategoriasProductos VALUES('ad442bb2-527d-4af9-b3e8-4dedc1bbc3a7','4927fb40-2837-44a2-a4b3-8c7105f8f0a8','c58c07dd-028b-43ef-9ac1-405e9db05746');
INSERT INTO CategoriasProductos VALUES('eacc01c2-46a9-45f7-9082-982768642af5','4927fb40-2837-44a2-a4b3-8c7105f8f0a8','11d09c23-4796-43d5-b35e-1914ecac8770');
INSERT INTO CategoriasProductos VALUES('bd29c30f-4b85-490b-a9df-3a443b3f3650','0a9d7b83-44f8-481b-ab1b-9aa9be8e2adc','2e399f67-18de-4078-9f3b-db0d8b0ddfd3');
INSERT INTO CategoriasProductos VALUES('58815f79-5900-4103-90b9-2464008cdcc5','9a283402-4881-4c07-bb5b-50030dc8324d','d515cb66-52af-4373-8267-899ae2434b6a');
INSERT INTO CategoriasProductos VALUES('5486c758-2b1d-4867-86da-fbf42eeb359f','e5eaae45-49f2-4d54-a80c-ab54bd00582b','d7d1a149-d513-4b40-a7c5-33e419e6c984');
INSERT INTO CategoriasProductos VALUES('4755c655-48b9-4723-83d1-4b3bfaa3a985','e5eaae45-49f2-4d54-a80c-ab54bd00582b','60d53dde-cf46-42bc-8967-d5fb2b0be6bc');
INSERT INTO CategoriasProductos VALUES('0f8f07e7-4679-4edf-84d2-4b613750018a','af2a38ab-7497-4f4c-93b1-968ddb04d05e','046967b3-7768-4d55-805b-e555b2784aa3');
INSERT INTO CategoriasProductos VALUES('f771a464-280c-4b23-9862-036a3bd6a411','857ffc59-ac54-4dc3-961a-b8a776a726ea','39ad2c37-6287-49c7-9630-07b4a0226e04');
INSERT INTO CategoriasProductos VALUES('0b126143-9c03-4ef4-b6ee-b31049d81039','4927fb40-2837-44a2-a4b3-8c7105f8f0a8','619c6e64-0421-4040-98ba-db23ee565a96');
INSERT INTO CategoriasProductos VALUES('21174542-f195-4b18-979c-a7b636478a11','81b61860-c2f4-4c9a-85d7-e3371641e21f','cbc383b8-b4b1-4ef8-8ed3-5bfe8041c088');
INSERT INTO CategoriasProductos VALUES('0a5c0286-9b3c-4834-8181-58578b0f4316','af2a38ab-7497-4f4c-93b1-968ddb04d05e','6594fe29-ad22-4ffa-9f64-324c2a102805');
INSERT INTO CategoriasProductos VALUES('ce8bb8e2-8c2e-434d-9a9e-5b9894c1052b','46a98adb-e780-4837-b598-eab127e1e928','64eea60c-f83d-4867-a26f-98461674dcfb');
INSERT INTO CategoriasProductos VALUES('8a08fee3-5289-4246-a825-bfc4a92d4fff','2c148495-8b14-4682-ba7e-3a2a9461ef29','ab1b1c4d-91c6-4466-ba38-858e624c36dd');
INSERT INTO CategoriasProductos VALUES('d1cf396d-d591-493f-b6d3-a635a008f715','105acebe-15c7-4ca8-bbfb-2c8ec2de973e','381ff4f2-e947-42fb-9653-115d23acc57b');
INSERT INTO CategoriasProductos VALUES('79898266-ea0a-49a7-9344-bbf893f50b99','105acebe-15c7-4ca8-bbfb-2c8ec2de973e','8866b262-3b69-45a4-ba76-6adf98dab86d');
INSERT INTO CategoriasProductos VALUES('b12b0c1b-d5a9-47e8-99ce-3049a3c4ad4a','105acebe-15c7-4ca8-bbfb-2c8ec2de973e','35ff58d6-adcf-4df1-9810-b8cf63fd1dc9');
INSERT INTO CategoriasProductos VALUES('b5367302-c937-4aa9-afda-0bb4e98646de','c312861b-e78a-47c1-8d90-8701c6f4fc36','a2847fbf-2516-4896-b2dd-a654182a83c6');
INSERT INTO CategoriasProductos VALUES('d4f693b2-14a2-4778-957d-c7b942422b79','e5eaae45-49f2-4d54-a80c-ab54bd00582b','dc6dc317-f0a3-4564-a87b-0fd67676788e');
INSERT INTO CategoriasProductos VALUES('9dbd1ef2-013c-4276-ae49-6c03db23dcf0','e5eaae45-49f2-4d54-a80c-ab54bd00582b','df49cf05-8170-4138-b80a-5922370999f5');
INSERT INTO CategoriasProductos VALUES('a3094294-de95-4863-8a18-b2df018fd514','55ab6f0d-a5d3-4cb0-8bc8-c9480644c26b','a383bfbb-b5e1-449a-bc72-f9d05d7621e4');
INSERT INTO CategoriasProductos VALUES('214c127d-af7c-411d-b59d-dbe5869f963c','55ab6f0d-a5d3-4cb0-8bc8-c9480644c26b','f32dd0e9-c276-4540-a4e9-2a5618768fd2');
INSERT INTO CategoriasProductos VALUES('6d49b2cf-ccb3-4c87-b699-2e34e6336b59','55ab6f0d-a5d3-4cb0-8bc8-c9480644c26b','2d706189-ec9c-40e4-83c2-047cb2076369');
INSERT INTO CategoriasProductos VALUES('58bf8d79-1cc9-4fcf-9df7-c753a751be1a','55ab6f0d-a5d3-4cb0-8bc8-c9480644c26b','a45c90b5-ca62-406b-b22d-3a4d7eaa97a5');
INSERT INTO CategoriasProductos VALUES('0dcb7c81-78dc-432a-9a26-21b443062a55','f07f740a-5677-4c5a-bc2e-6d066427481b','458b5091-dfdb-4de0-8708-f0665c6e822a');
INSERT INTO CategoriasProductos VALUES('fee5afa3-2078-412f-9319-81de63760bc7','f07f740a-5677-4c5a-bc2e-6d066427481b','cd56fd01-535d-47ef-bc1b-0fedb1b96b1d');
INSERT INTO CategoriasProductos VALUES('c2fe9710-35fc-4ec5-9452-d15e8efdb3cb','e4e950c7-4b33-47e5-aed6-f57b95adaaee','c487136a-7544-4a1f-a630-9120d7f5aa02');
INSERT INTO CategoriasProductos VALUES('5338895d-a8c8-4f5a-b2f1-efed77b57e47','e4e950c7-4b33-47e5-aed6-f57b95adaaee','cb3fb06f-2dc7-441a-a98a-6e7a1812232b');
INSERT INTO CategoriasProductos VALUES('b0caaf4a-3d31-4e07-87cc-f3e1d8d34c50','e4e950c7-4b33-47e5-aed6-f57b95adaaee','10f8d550-3484-4603-a142-b96c4a0b4c43');
INSERT INTO CategoriasProductos VALUES('713fa65f-0aea-422c-9129-d7342e9c823e','e4e950c7-4b33-47e5-aed6-f57b95adaaee','134d97a5-f770-48ca-afc4-9cecfc636d33');
INSERT INTO CategoriasProductos VALUES('f3a05c2d-cb62-4951-9a83-1cbd7519556e','e4e950c7-4b33-47e5-aed6-f57b95adaaee','896fec02-251d-4a98-9989-c55355b2f11a');
INSERT INTO CategoriasProductos VALUES('e2493feb-1bb4-469a-965b-4d2116c36a0f','e4e950c7-4b33-47e5-aed6-f57b95adaaee','96d7de23-7dd4-4dd0-927c-084c60ca875f');
INSERT INTO CategoriasProductos VALUES('b639f9ed-4a6f-4318-bfca-683858aee271','e4e950c7-4b33-47e5-aed6-f57b95adaaee','7227366a-9b56-4230-a0be-cee52f761f3e');
INSERT INTO CategoriasProductos VALUES('7fbfb211-c697-4d3d-9ed8-1f31a84272e8','e4e950c7-4b33-47e5-aed6-f57b95adaaee','e036ae7c-28b9-443e-83f9-2833352cb80a');
INSERT INTO CategoriasProductos VALUES('b7015397-07cd-4d7d-97f3-802ebe822ba8','e4e950c7-4b33-47e5-aed6-f57b95adaaee','05e2ce54-722c-4d15-a5cf-baae6c3ac402');
INSERT INTO CategoriasProductos VALUES('9be360ae-202c-42b0-9f1a-a17943bfd439','e4e950c7-4b33-47e5-aed6-f57b95adaaee','7e914ab8-2971-426f-a0b4-0f8476e915ec');
INSERT INTO CategoriasProductos VALUES('fbc47225-9a22-469b-b0bb-e992d981a6fa','e4e950c7-4b33-47e5-aed6-f57b95adaaee','222ff6f7-2550-4342-812b-7b680ebcd4d4');
INSERT INTO CategoriasProductos VALUES('4114582f-4a77-4f51-a337-3fe33f5e1244','e4e950c7-4b33-47e5-aed6-f57b95adaaee','60a28083-fbd3-4c09-8965-31e0378bab94');
INSERT INTO CategoriasProductos VALUES('736979d8-6d00-46ec-b27e-27a9badd2793','e4e950c7-4b33-47e5-aed6-f57b95adaaee','f05b5b05-2c2d-4f36-8eca-42df78af554f');
INSERT INTO CategoriasProductos VALUES('a3907e27-6ed8-41f5-8fac-10d4d897ee46','e4e950c7-4b33-47e5-aed6-f57b95adaaee','1d84b8a8-5147-45a3-8b77-633ecc6115e8');
INSERT INTO CategoriasProductos VALUES('89a5a9f5-7ede-430e-896f-5366d1e53fcf','e4e950c7-4b33-47e5-aed6-f57b95adaaee','cbe06eb1-ba09-4343-841d-19ad12e3fdc7');
INSERT INTO CategoriasProductos VALUES('56c3c410-f7a7-4117-9803-e13564503234','e4e950c7-4b33-47e5-aed6-f57b95adaaee','7220996d-d53c-47e0-b4da-7509de7069bd');
INSERT INTO CategoriasProductos VALUES('65c42582-4982-4515-9f47-d0b5427fc412','e4e950c7-4b33-47e5-aed6-f57b95adaaee','f3ef2720-0783-4e6d-9f4b-2cf6f91d964c');
INSERT INTO CategoriasProductos VALUES('af5e3672-da4d-4668-bc1e-b1808471a79c','e4e950c7-4b33-47e5-aed6-f57b95adaaee','d17742d6-b209-412a-b68b-28609094b388');
INSERT INTO CategoriasProductos VALUES('16f09635-edcb-4d74-8bf1-9d2ef43be59e','e4e950c7-4b33-47e5-aed6-f57b95adaaee','e3f27e23-4120-47c0-83ec-bdef7e7b95be');
INSERT INTO CategoriasProductos VALUES('0bc0d81b-9f73-47c6-84c8-a1787a7a33ce','e4e950c7-4b33-47e5-aed6-f57b95adaaee','caa2ce4e-b5a8-4b2d-bf1c-d6b29c08fd6e');
INSERT INTO CategoriasProductos VALUES('c92da34a-5fdd-4caf-9716-3e29a91ca9ca','e4e950c7-4b33-47e5-aed6-f57b95adaaee','301e09b4-58ee-4341-84e8-ee69f78ec7c5');
INSERT INTO CategoriasProductos VALUES('2f114e7c-f2b5-4e1a-82b2-8412f9258f1d','e4e950c7-4b33-47e5-aed6-f57b95adaaee','c3ab2abf-ada2-4d6c-b3b7-76ac132e6759');
INSERT INTO CategoriasProductos VALUES('0ee1971b-ccf4-4b30-8651-b5e5ac17d931','e4e950c7-4b33-47e5-aed6-f57b95adaaee','2717be7e-3a6b-497a-89db-48fb7716dd8d');
INSERT INTO CategoriasProductos VALUES('d5a64b87-dc08-4118-9d98-b6ac5b7b829d','e4e950c7-4b33-47e5-aed6-f57b95adaaee','7281b876-9858-44cd-9824-592467071240');
INSERT INTO CategoriasProductos VALUES('cdd0a1df-b926-4012-8328-b52a1f02c31e','e4e950c7-4b33-47e5-aed6-f57b95adaaee','6bf24143-819e-4294-859c-09ee776ff24b');
INSERT INTO CategoriasProductos VALUES('cc49c3b2-45a0-4bbf-a6b4-8359a9f45d42','e4e950c7-4b33-47e5-aed6-f57b95adaaee','9cc3ca43-af03-4fac-b859-5cffaaaf8b45');
INSERT INTO CategoriasProductos VALUES('5afa2948-fe05-4c4b-8dc5-316d7c730f3f','e4e950c7-4b33-47e5-aed6-f57b95adaaee','dbc935a5-b1c3-4937-93f5-1de3a4d3640e');
INSERT INTO CategoriasProductos VALUES('39226c09-c014-4c7c-84f1-8266ee9c77e6','e4e950c7-4b33-47e5-aed6-f57b95adaaee','3c51f201-fb51-47ad-98ed-8bd2743bb155');
INSERT INTO CategoriasProductos VALUES('54d86aa1-8213-43f1-b653-a4455893d551','e4e950c7-4b33-47e5-aed6-f57b95adaaee','26e418ec-53cf-476b-9921-6098058c1f2c');
INSERT INTO CategoriasProductos VALUES('75d900f6-8123-4ec1-8b88-13d65a33c7a7','e4e950c7-4b33-47e5-aed6-f57b95adaaee','b7acea95-4af1-4dc3-8fa0-b556a7556c91');
INSERT INTO CategoriasProductos VALUES('c0b312b6-7886-4437-97ea-12bdf5cc134f','e4e950c7-4b33-47e5-aed6-f57b95adaaee','b85f1e15-21b0-427e-b845-ded7122368be');
INSERT INTO CategoriasProductos VALUES('747d23f7-b345-4e17-acaf-9b4dcea0011d','e4e950c7-4b33-47e5-aed6-f57b95adaaee','a4320568-db05-44e9-9fb8-9ed57c947fe7');
INSERT INTO CategoriasProductos VALUES('ddef65cc-0904-46d7-8df5-3f8af1cbe477','e4e950c7-4b33-47e5-aed6-f57b95adaaee','e3f11243-6741-4a5d-a6e2-804ae6057183');
INSERT INTO CategoriasProductos VALUES('2cdbbb54-0116-4f82-8b18-0f1c8f370283','e4e950c7-4b33-47e5-aed6-f57b95adaaee','aff0698e-633f-4f4f-9e78-524b48f15105');
INSERT INTO CategoriasProductos VALUES('8aebf22c-57ba-4045-bacb-3a4face0e4eb','e4e950c7-4b33-47e5-aed6-f57b95adaaee','12501d02-324a-400a-ad04-755d2b7ca210');
INSERT INTO CategoriasProductos VALUES('eb0de37a-ef2d-4ed7-9e78-5d40334fee44','e1d548d1-f7c2-4457-b417-23613bd68322','f06517b0-1f0a-4c6c-917c-13c36313262b');
INSERT INTO CategoriasProductos VALUES('9ddd113d-8b9c-4d68-a940-5767bfbbbe50','e1d548d1-f7c2-4457-b417-23613bd68322','997d6863-9449-40e6-bead-9c0af4348859');
INSERT INTO CategoriasProductos VALUES('827ddf83-5e75-43bc-b082-9862565fb6e5','e1d548d1-f7c2-4457-b417-23613bd68322','a29c9af0-d530-4218-b96b-d19f1d6bf13c');
INSERT INTO CategoriasProductos VALUES('bb71280f-832e-4ffb-8b0b-246d616628a8','e1d548d1-f7c2-4457-b417-23613bd68322','64cd0550-2604-4529-9a51-bf7f41ed3d98');
INSERT INTO CategoriasProductos VALUES('35e03d9b-62dd-44c9-89bc-e2c0eba3df78','e1d548d1-f7c2-4457-b417-23613bd68322','f37c8d50-1648-4ea4-a783-7924bda7d25f');
INSERT INTO CategoriasProductos VALUES('c49824ae-eafa-445b-93a2-14497fbeeaa2','e1d548d1-f7c2-4457-b417-23613bd68322','af403453-194c-4fd9-b017-2d5cb0fc1a86');
INSERT INTO CategoriasProductos VALUES('b9bb91ee-4492-49ce-8a36-8463f6a23ab9','e1d548d1-f7c2-4457-b417-23613bd68322','0ea6f305-0575-4ba0-ab50-6f928a1477b2');
INSERT INTO CategoriasProductos VALUES('1d2cca83-6474-40a2-94e2-43d206b49e9e','e1d548d1-f7c2-4457-b417-23613bd68322','5efe1d9c-1268-40f8-bfd6-3845b1f35428');
INSERT INTO CategoriasProductos VALUES('b4f32dda-06a3-4a6f-a78a-d4b3f7d7c1f3','e1d548d1-f7c2-4457-b417-23613bd68322','0b28d229-f4c2-429d-a869-67d643356be0');
INSERT INTO CategoriasProductos VALUES('8bd6aeb2-5304-43e8-b2b5-d5f3b00c4b65','e1d548d1-f7c2-4457-b417-23613bd68322','ec30f820-d40c-4d9b-94cc-2223e0eddb87');
INSERT INTO CategoriasProductos VALUES('9ac55bc1-2a4b-4bef-b28f-4ed53ecc01fd','e1d548d1-f7c2-4457-b417-23613bd68322','f7263ec1-9f70-4ee7-8c9b-3028bb02ccc9');
INSERT INTO CategoriasProductos VALUES('650bf3ce-a044-440b-8feb-326abb118340','e1d548d1-f7c2-4457-b417-23613bd68322','61a1890e-778b-4727-9dea-fa3f93c82f04');
INSERT INTO CategoriasProductos VALUES('e48246d8-3abc-40ee-8989-990ed617a1b1','e1d548d1-f7c2-4457-b417-23613bd68322','900b07a5-42f2-4dab-a39b-b75deda84814');
INSERT INTO CategoriasProductos VALUES('14c8c159-cd2b-4490-b185-72a1363f0499','e1d548d1-f7c2-4457-b417-23613bd68322','6955b219-f9ef-49f4-b73a-485e3e6350e5');
INSERT INTO CategoriasProductos VALUES('6ec35ae3-38d3-492c-a961-c56c31b20640','e1d548d1-f7c2-4457-b417-23613bd68322','5485b849-260c-40a0-9598-19dfa3071bfe');
INSERT INTO CategoriasProductos VALUES('b15c047e-3ada-4ab9-80d4-32fa2cb57315','e1d548d1-f7c2-4457-b417-23613bd68322','1356c5c0-a2cd-4149-9129-2dc7d6c0254f');
INSERT INTO CategoriasProductos VALUES('bf4b0823-f648-46dd-9d3f-7b4d2fefacd2','e1d548d1-f7c2-4457-b417-23613bd68322','6fac78b3-b7ce-4b0a-a0b4-c5c92e367f34');
INSERT INTO CategoriasProductos VALUES('019c73d9-d47c-48c8-8cb3-5e12dbde667d','e1d548d1-f7c2-4457-b417-23613bd68322','2401080a-dd30-461f-9757-0e554b5b70e3');
INSERT INTO CategoriasProductos VALUES('829078cb-9cef-4707-84cd-7320833012ff','e1d548d1-f7c2-4457-b417-23613bd68322','7167b2a8-5633-47ab-96a3-c8b9d0b7ec9d');
INSERT INTO CategoriasProductos VALUES('6e71da86-ea83-4abd-a44f-b5276d67b855','e1d548d1-f7c2-4457-b417-23613bd68322','e4270af0-610e-4e69-ae48-9b6230dc4a1b');
INSERT INTO CategoriasProductos VALUES('aa649daa-be95-4adf-86e0-44115d4bc577','e1d548d1-f7c2-4457-b417-23613bd68322','db6ff439-ac12-4426-86d8-cd70ebf916fc');
INSERT INTO CategoriasProductos VALUES('1b1315bc-ef16-449c-b541-33fb105a87bb','e1d548d1-f7c2-4457-b417-23613bd68322','24fa8273-9bda-4d92-a91e-19b705cfc2d5');
INSERT INTO CategoriasProductos VALUES('7873fae5-251e-4ce8-a2e7-58c3595702b9','e1d548d1-f7c2-4457-b417-23613bd68322','bd0bbca7-a412-456e-9398-5bda1cd8c967');
INSERT INTO CategoriasProductos VALUES('2bc5d82f-49ec-445e-a464-2a27cc8eab7a','e1d548d1-f7c2-4457-b417-23613bd68322','405bce9d-be16-4e48-b053-c88ae0508a99');
INSERT INTO CategoriasProductos VALUES('613f965b-07d0-4c20-aec7-149917db8748','e1d548d1-f7c2-4457-b417-23613bd68322','3e2261b5-1b51-4bee-a4a3-0ce1251c41c3');
INSERT INTO CategoriasProductos VALUES('af000857-ac48-4029-817e-a4c40671d58b','e1d548d1-f7c2-4457-b417-23613bd68322','cc8da818-df5b-43a9-bf47-0afecec28fab');
INSERT INTO CategoriasProductos VALUES('7fec9a56-086b-4f59-86ea-065312b216ab','e1d548d1-f7c2-4457-b417-23613bd68322','acd64cc4-0648-4858-9852-56a1b19a2f1a');
INSERT INTO CategoriasProductos VALUES('0f8c9d36-f125-4ab5-9dc4-98dafdcd84bb','e1d548d1-f7c2-4457-b417-23613bd68322','a023d191-0adc-44f5-8058-ae429d2bc69c');
INSERT INTO CategoriasProductos VALUES('752dd693-a151-482b-8bba-6cc6aedcc1ac','e1d548d1-f7c2-4457-b417-23613bd68322','bad7bf06-d990-4d97-bbb6-3f5a0c936b55');
INSERT INTO CategoriasProductos VALUES('ccd333be-8d99-410e-810c-f7e88989b4ed','e1d548d1-f7c2-4457-b417-23613bd68322','01d79d91-f6fd-4be6-8d68-0ffb92db986e');
INSERT INTO CategoriasProductos VALUES('051040ff-dafc-4131-859c-def55be5cba7','e1d548d1-f7c2-4457-b417-23613bd68322','3ffddcc8-46d9-4bde-9445-164be01bd8f1');
INSERT INTO CategoriasProductos VALUES('8a99612a-8770-47eb-aaff-5ad6d4b49670','e1d548d1-f7c2-4457-b417-23613bd68322','8d456418-8b51-4c54-a518-623db612c648');
INSERT INTO CategoriasProductos VALUES('7474c5c4-b402-47f6-aaa3-ab410f7432d5','e1d548d1-f7c2-4457-b417-23613bd68322','3856683e-2a55-4433-b5fd-ebb8a533e167');
INSERT INTO CategoriasProductos VALUES('210600fa-fc4c-4259-888f-9dcac1e1e6a8','e1d548d1-f7c2-4457-b417-23613bd68322','db2febc1-36d3-4e90-9ff9-c132ff28ef54');
INSERT INTO CategoriasProductos VALUES('815c06b2-6bc8-4eb7-b33d-71b65b464c88','e1d548d1-f7c2-4457-b417-23613bd68322','d3b06acb-5eec-4f49-92fc-3047d658001f');
INSERT INTO CategoriasProductos VALUES('6415177e-bc1b-4c53-a134-d14e5e71a6c5','e1d548d1-f7c2-4457-b417-23613bd68322','c4746fc1-9db3-4cc9-bdda-a9488fd4aa56');
INSERT INTO CategoriasProductos VALUES('1c49fdd1-35ac-4ae2-85b4-483686dc8635','e1d548d1-f7c2-4457-b417-23613bd68322','bb9d431e-3385-436d-81cb-0c6c6e5713f8');
INSERT INTO CategoriasProductos VALUES('6fa63202-3429-4283-a574-816add79c34d','e1d548d1-f7c2-4457-b417-23613bd68322','0622d264-0372-4485-a44e-353d444bba13');
INSERT INTO CategoriasProductos VALUES('38fb3160-53d4-498d-b604-0fd0bb086db5','e1d548d1-f7c2-4457-b417-23613bd68322','8400535d-aee8-46c7-9aac-61bb4a2a08f6');
INSERT INTO CategoriasProductos VALUES('2186ae20-2ad7-4148-b5d5-661b2af93f3e','e1d548d1-f7c2-4457-b417-23613bd68322','48e01207-c3b7-4432-abe5-eaf2b7562342');
INSERT INTO CategoriasProductos VALUES('871c9d04-da38-4f7a-ab90-b7ad4f54e477','e1d548d1-f7c2-4457-b417-23613bd68322','b2181876-07e7-4ced-9f9e-f1e36efe815c');
INSERT INTO CategoriasProductos VALUES('a4a9553e-ec15-483f-addc-f356932ff5d7','e1d548d1-f7c2-4457-b417-23613bd68322','cc54c0d5-ef6b-4e9f-9b93-887ad20f95b0');
INSERT INTO CategoriasProductos VALUES('2a28b18c-49ab-42c9-a3dd-d41b3797c05f','e1d548d1-f7c2-4457-b417-23613bd68322','3b1f33f4-a860-4a95-acd1-55cc54444971');
INSERT INTO CategoriasProductos VALUES('747e5efa-c29f-4a01-a3ba-fec9ae33b10c','e1d548d1-f7c2-4457-b417-23613bd68322','cc523f05-b722-4bb2-a446-d6ca12aa0082');
INSERT INTO CategoriasProductos VALUES('ddab6480-8876-430a-aa86-ea5c98a5cca0','e1d548d1-f7c2-4457-b417-23613bd68322','b40f9b2e-7422-46cb-85be-390d45709ee5');
INSERT INTO CategoriasProductos VALUES('edff8cf4-d969-4f78-b624-66abf8f4667f','e1d548d1-f7c2-4457-b417-23613bd68322','42acead8-0276-4db8-bae8-a98ba21c09a4');
INSERT INTO CategoriasProductos VALUES('b84d2699-fa61-4323-95ca-8842dc88901f','e1d548d1-f7c2-4457-b417-23613bd68322','8f13bb58-caa9-4864-9f31-854514be4b27');
INSERT INTO CategoriasProductos VALUES('d1024820-9194-4fd5-bfec-db2d5eda39af','e1d548d1-f7c2-4457-b417-23613bd68322','d8ce5e81-b69a-4b15-9207-304d15d04bd9');
INSERT INTO CategoriasProductos VALUES('ac065105-5bb8-466f-8f35-dc2d5c4a6195','e1d548d1-f7c2-4457-b417-23613bd68322','6a299c58-75ee-4149-b64d-85b3245a7ebe');
INSERT INTO CategoriasProductos VALUES('2a6d0752-f312-4b8e-b726-b0b1fcd9c88f','cf9fec0f-e865-4b3e-90f7-10f6e5616cf9','2d9a13ed-2c98-4ba6-af39-07e323a6b88f');
INSERT INTO CategoriasProductos VALUES('2f73e6bd-b897-48e6-ba51-c06dacef4d65','cf9fec0f-e865-4b3e-90f7-10f6e5616cf9','25320cb1-c6a3-4a35-8ecb-cb0087d792dc');
INSERT INTO CategoriasProductos VALUES('74d35c7a-46cb-41ce-b8fc-2c1862997373','cf9fec0f-e865-4b3e-90f7-10f6e5616cf9','74091171-2f53-4e33-b46d-0be774cee8ef');
INSERT INTO CategoriasProductos VALUES('faaf32aa-7869-42b2-b39c-592ad595f183','cf9fec0f-e865-4b3e-90f7-10f6e5616cf9','d3b3eb14-cb24-4f97-9e5b-4004622bb766');
INSERT INTO CategoriasProductos VALUES('2cd4eb48-08af-433b-b37f-d5dd9891fc4d','cf9fec0f-e865-4b3e-90f7-10f6e5616cf9','28507269-fef1-4a33-843c-62787d834aa8');
INSERT INTO CategoriasProductos VALUES('ccc7a525-82d2-44f3-9daa-69bdbe2d344d','cf9fec0f-e865-4b3e-90f7-10f6e5616cf9','8e508eb5-dbcf-4aa3-9568-de723992b6ad');
INSERT INTO CategoriasProductos VALUES('495fa976-ff66-45ae-ae44-2d74b9166161','cf9fec0f-e865-4b3e-90f7-10f6e5616cf9','b024b2df-6870-403a-a83f-e8f5ff6cfd5f');
INSERT INTO CategoriasProductos VALUES('3b2e2a65-5c00-49ea-92ec-872d7e7472ef','cf9fec0f-e865-4b3e-90f7-10f6e5616cf9','161f7490-61a8-45cf-a583-09e600329350');
INSERT INTO CategoriasProductos VALUES('4cdd24d2-31c8-4964-a5f4-2defa43299b3','cf9fec0f-e865-4b3e-90f7-10f6e5616cf9','6a30b655-bf64-4b50-9d65-bbca8125c76f');
INSERT INTO CategoriasProductos VALUES('0ab2e1e2-f899-47d5-9a11-18ff9839e617','cf9fec0f-e865-4b3e-90f7-10f6e5616cf9','6f6a3580-b87a-4036-a395-2861e7a399fd');
INSERT INTO CategoriasProductos VALUES('b4f53eb9-5656-41a3-860c-00e203c129fb','cf9fec0f-e865-4b3e-90f7-10f6e5616cf9','f1d4ddb6-0241-4e41-b8bb-77388d286ae5');
INSERT INTO CategoriasProductos VALUES('e0470e1f-e2d2-45e9-aebf-5ba648016389','cf9fec0f-e865-4b3e-90f7-10f6e5616cf9','f7775c01-f203-44d3-a95a-d79494e127bf');
INSERT INTO CategoriasProductos VALUES('99b421e7-09c7-4916-9da1-0a28fde1f8f7','cf9fec0f-e865-4b3e-90f7-10f6e5616cf9','f9a4f3f9-4da7-4331-853f-c49c1a93289e');
INSERT INTO CategoriasProductos VALUES('fade9855-7ab0-48d1-8461-5f8ee2cd1a2e','cf9fec0f-e865-4b3e-90f7-10f6e5616cf9','0366bf57-8220-4181-8f92-45fe2e70335a');
INSERT INTO CategoriasProductos VALUES('a38c91a2-70cb-4fce-ab3a-9361f231e25f','cf9fec0f-e865-4b3e-90f7-10f6e5616cf9','fbee9499-7aea-406e-bb46-35c5293f14da');
INSERT INTO CategoriasProductos VALUES('480b1e04-9f6f-4c25-8501-dd36058d80bb','cf9fec0f-e865-4b3e-90f7-10f6e5616cf9','e58cfae9-ae4c-4029-be04-904907b35550');
INSERT INTO CategoriasProductos VALUES('f4d80ad9-32dc-40d5-b26b-fd01e7e7c7da','cf9fec0f-e865-4b3e-90f7-10f6e5616cf9','29553bd1-c580-4b74-8de9-2e85590ee916');
INSERT INTO CategoriasProductos VALUES('52d636ac-ea63-4466-870f-6942eafc8181','cf9fec0f-e865-4b3e-90f7-10f6e5616cf9','49e84910-63a0-48c5-b0cd-e2b62d354cc4');
INSERT INTO CategoriasProductos VALUES('8b757934-46fe-41eb-8999-227852778d70','471dd176-80b7-4d8a-b6b4-4d21895b958c','997974d5-53b0-4dfc-8e23-57a64c6420b9');
INSERT INTO CategoriasProductos VALUES('06779d31-df03-494d-85ff-33a9114b9e78','471dd176-80b7-4d8a-b6b4-4d21895b958c','46e3b42d-8c1f-42c0-96a8-d61a307b2282');
INSERT INTO CategoriasProductos VALUES('05c28fe3-488b-4871-9213-2287f9052494','04da879f-293d-4307-bb03-ddf4175dc7ef','f45ab0bc-be03-47e0-ae5d-5edaa1addbee');
INSERT INTO CategoriasProductos VALUES('d3ef5460-99bf-4b82-86ba-f4c54dbdad91','04da879f-293d-4307-bb03-ddf4175dc7ef','cc9a45ab-22b4-4b5e-9ea1-2f276adb02c3');
INSERT INTO CategoriasProductos VALUES('7de3610e-4aa1-4ef8-84ae-3728eb4f7134','04da879f-293d-4307-bb03-ddf4175dc7ef','af9ec623-e6c4-4b21-b3c1-45eff1e26bd0');
INSERT INTO CategoriasProductos VALUES('51c47b97-ca85-4870-a912-0519221f8b39','04da879f-293d-4307-bb03-ddf4175dc7ef','7afc7392-4479-4c4f-97ef-2be900abaa6c');
INSERT INTO CategoriasProductos VALUES('2cb1a19f-4a8d-482c-9630-33ae5d281b7f','04da879f-293d-4307-bb03-ddf4175dc7ef','25dcfd6d-0e61-4b2d-9a8b-6de5acaa932d');
INSERT INTO CategoriasProductos VALUES('b5358f1e-ffd0-4e7a-920d-cc10fd487c0c','04da879f-293d-4307-bb03-ddf4175dc7ef','b871aac0-0127-4d26-b34e-e54a30bb5eac');
INSERT INTO CategoriasProductos VALUES('3be3520b-514c-4e5a-8be0-e8c06d510112','04da879f-293d-4307-bb03-ddf4175dc7ef','057907d8-7191-4e91-b738-d5cdc149cc5a');
INSERT INTO CategoriasProductos VALUES('fb9c8d88-d57b-4c1e-ba2d-29c5f984db67','04da879f-293d-4307-bb03-ddf4175dc7ef','29dd9ef9-2b52-41de-b0c1-c5ea25d25ac6');
INSERT INTO CategoriasProductos VALUES('2c7b50b8-4496-483f-a0b0-4cbc7f846a5d','4f1fddf2-7f4d-4119-8835-1466b303406a','b75c48f4-3654-456e-9d45-c5f7df8f1786');
INSERT INTO CategoriasProductos VALUES('1160d7c7-6dee-46f3-bdb0-c8f65ef26350','4f1fddf2-7f4d-4119-8835-1466b303406a','8896d3a1-fdd4-447a-bdee-35036c7ff714');
INSERT INTO CategoriasProductos VALUES('daa944c1-c65c-49fa-abce-845da8752034','4f1fddf2-7f4d-4119-8835-1466b303406a','e940f1a1-c208-4ad2-98d5-e04451c1d259');
INSERT INTO CategoriasProductos VALUES('a916caa7-ffa4-4067-9dd8-a93e272ab868','4f1fddf2-7f4d-4119-8835-1466b303406a','7df88d02-877d-4e34-92de-fa28185e7071');
INSERT INTO CategoriasProductos VALUES('1584d58f-d58e-4b42-a4a9-b7cc85013e56','4f1fddf2-7f4d-4119-8835-1466b303406a','1276b9bf-12e3-4e04-aac8-487950e8bfb8');
INSERT INTO CategoriasProductos VALUES('911e3569-8d18-421c-abb7-b04685e777c8','4f1fddf2-7f4d-4119-8835-1466b303406a','e1726cdb-f5e7-4a9f-9d0d-cfeaa79780df');
INSERT INTO CategoriasProductos VALUES('bbb7942b-732d-4015-a77d-ea5f1eaa3f9b','4f1fddf2-7f4d-4119-8835-1466b303406a','fcac5ef3-9ced-41f9-a139-75ecebd98d44');
INSERT INTO CategoriasProductos VALUES('8ba48de3-322c-4cfe-866f-64eb20f1a3bf','4f1fddf2-7f4d-4119-8835-1466b303406a','e902c05f-ad20-44a0-9be2-333d3970da28');
INSERT INTO CategoriasProductos VALUES('6c0a2a0b-a458-4329-bd32-f7a8288921b1','bc25dad2-072e-463d-872f-a9197124fc7b','5c72b610-ca26-4650-9489-2bb711e503da');
INSERT INTO CategoriasProductos VALUES('5aa1d337-c78e-49b6-b696-fbf8b134419a','bc25dad2-072e-463d-872f-a9197124fc7b','d46317cf-8cfd-4f8f-a1ca-5fd3e4e34727');
INSERT INTO CategoriasProductos VALUES('62936cd4-de26-4c63-889b-975f346a06eb','bc25dad2-072e-463d-872f-a9197124fc7b','d0f24d51-576c-4b9c-93b8-6a76d9b7e7df');
INSERT INTO CategoriasProductos VALUES('3b40d382-4bc0-46e8-a4d6-2dbef484c4ee','bc25dad2-072e-463d-872f-a9197124fc7b','25fdb193-0968-4676-93b3-d80e0390163b');
INSERT INTO CategoriasProductos VALUES('38f4a3e0-e64d-4b77-86f1-21118f332efb','ec6049df-4f7c-48d0-bf60-bd965d990d6e','fa74986d-ca33-4c8d-8c7d-3a287d7fa0aa');
INSERT INTO CategoriasProductos VALUES('a6a86726-9258-4401-b94d-a39167aedc3a','ec6049df-4f7c-48d0-bf60-bd965d990d6e','fba34212-9643-4ef7-a96a-900762f2fa9f');
INSERT INTO CategoriasProductos VALUES('3eca1536-320b-4571-9501-2e54eaa4dad6','e27e6209-396c-48c4-a7e5-6a5643313e87','530a23d1-4093-4736-bc93-51ffdd42a349');
INSERT INTO CategoriasProductos VALUES('03d523df-8c69-48df-bd9c-0237474061ab','e27e6209-396c-48c4-a7e5-6a5643313e87','c01d93cc-41b6-445e-a03c-7889fd9ce0ea');
INSERT INTO CategoriasProductos VALUES('aacc928c-d192-4561-b580-eadd59d674fc','e27e6209-396c-48c4-a7e5-6a5643313e87','a3a2da0f-7230-49fc-a49e-69577b8f749a');
INSERT INTO CategoriasProductos VALUES('0868e636-0a85-4655-a694-8b72d32d8045','01c2dd87-ffda-4de7-bb10-1671a2187da5','3443d25e-1fe3-491f-b666-7933700558e4');
INSERT INTO CategoriasProductos VALUES('4bd6fd4b-8952-450d-b5c5-4e1ff8047040','ec6049df-4f7c-48d0-bf60-bd965d990d6e','1be3ea96-2f38-4d5d-a400-8f20d1acef94');
INSERT INTO CategoriasProductos VALUES('ffca6b76-8fc1-46f6-9b57-ddbb81fb79f2','94e01764-2350-497a-80e6-8b9d98da350b','aa75a615-4021-490f-b222-b7c8199fe407');
INSERT INTO CategoriasProductos VALUES('a04fde3a-8d80-43fc-9b9c-af4746202c6a','3a0306b1-61f3-4226-9f74-6e9dbcc4f713','396b8e2b-eb64-42f5-a2dc-39acc8baaf50');
INSERT INTO CategoriasProductos VALUES('daa6a489-b679-49cb-a3fe-ee150e2553df','1fde4dd3-5fd3-4efe-a99f-bcde7cfd39b2','48bd1420-88a4-4655-b80d-637c426c5b82');
INSERT INTO CategoriasProductos VALUES('1874e154-f8e9-46ab-aea8-506d5cc41292','fb791ba3-f4a3-4283-8c38-b4c58ebd2222','ef7380ec-5ae7-4c21-b5ad-e0f7f16063ef');
INSERT INTO CategoriasProductos VALUES('96d08a54-7a20-4d09-b5e6-8d7884954c62','fb791ba3-f4a3-4283-8c38-b4c58ebd2222','ea3e439c-350d-4d5f-8ee1-a9d4604e3430');
INSERT INTO CategoriasProductos VALUES('0b46d831-9209-483b-a05e-0d80c79e03a5','fb791ba3-f4a3-4283-8c38-b4c58ebd2222','dfb571f5-6fb4-45bd-8275-1a3485a70d0f');
INSERT INTO CategoriasProductos VALUES('1b47b74c-1685-4722-ae57-bdb9258d3184','e27e6209-396c-48c4-a7e5-6a5643313e87','3b2db0d9-1829-4903-8d99-86ad3c3e7b85');
INSERT INTO CategoriasProductos VALUES('0be7689b-d5f9-47c0-b55f-74ba7b2b1451','1d90e81f-2bbb-4c4d-b465-fa58357e3426','1432c48e-8118-4931-b91a-8f3019efd1f7');
INSERT INTO CategoriasProductos VALUES('1f73f0a8-6ac4-4cef-905c-b8bfaf071103','1d90e81f-2bbb-4c4d-b465-fa58357e3426','0bc7cb69-eedf-424a-8e52-2330f935b0e8');
INSERT INTO CategoriasProductos VALUES('49eb8eff-a6db-42a3-8873-98284e2cc397','506e3027-ac17-49c0-9cd2-baafec5dcf3f','25f6f83f-68bc-4e0d-b2c3-c6df9d42856f');
INSERT INTO CategoriasProductos VALUES('3ac8288e-b330-4447-aff8-bf692cc061ad','506e3027-ac17-49c0-9cd2-baafec5dcf3f','621f2991-79fe-431d-991c-b582d477985f');
INSERT INTO CategoriasProductos VALUES('4e63ce27-0ca6-4635-adb5-2327a48689fb','f155c9ac-126d-4210-9872-8c4ffaf751ec','28da8b57-dbca-416b-a0b5-d728659da148');
INSERT INTO CategoriasProductos VALUES('abf8593c-dbd1-4484-8ae6-be70e2f395ec','506e3027-ac17-49c0-9cd2-baafec5dcf3f','2d743311-c1f0-4e92-9366-11b5502e9746');
INSERT INTO CategoriasProductos VALUES('7b05e95e-ba8b-4515-b80d-814f78496e71','1d90e81f-2bbb-4c4d-b465-fa58357e3426','dbf3d9d5-9581-4de0-a2fc-a4cbb8ef2187');
INSERT INTO CategoriasProductos VALUES('f2642974-7971-434e-88de-56a6814d3b43','1fde4dd3-5fd3-4efe-a99f-bcde7cfd39b2','7b786b99-eb56-4e8a-80e7-224d01bcf0f8');
INSERT INTO CategoriasProductos VALUES('2df91b58-fca0-4a48-bf42-3995a2079b58','e27e6209-396c-48c4-a7e5-6a5643313e87','ad000120-0cc7-406b-8a96-ec47f18d0f69');
INSERT INTO CategoriasProductos VALUES('96b79b91-5ec0-464c-8a84-7a5c1b814a76','1fde4dd3-5fd3-4efe-a99f-bcde7cfd39b2','2162a7ba-32b0-4552-b1c0-2ce026bd4d02');
INSERT INTO CategoriasProductos VALUES('94ee75ff-365a-4dea-b590-f7585d52b72a','1fde4dd3-5fd3-4efe-a99f-bcde7cfd39b2','330e143e-745a-41df-84e3-fe0b578076d8');
INSERT INTO CategoriasProductos VALUES('90d1fe30-f023-459c-be4c-e59f62a0f957','1fde4dd3-5fd3-4efe-a99f-bcde7cfd39b2','faf25a8b-f62b-4030-b462-ddf99a70cadb');
INSERT INTO CategoriasProductos VALUES('62f0f55d-c8db-4ebc-9c7c-6dc3a3d1c0de','3a0306b1-61f3-4226-9f74-6e9dbcc4f713','b945dd4e-a9b0-452c-ab98-8ee836dcafc4');
INSERT INTO CategoriasProductos VALUES('13529df3-3918-4908-b60c-e9118055e80d','fb791ba3-f4a3-4283-8c38-b4c58ebd2222','299330bd-9df8-4943-9d08-7e4bea8b4588');
INSERT INTO CategoriasProductos VALUES('7083bbb5-c8b9-4e0c-af54-75a813dcef5f','1d90e81f-2bbb-4c4d-b465-fa58357e3426','fff022d7-2ef3-4479-bcfa-cc64e692fe26');
INSERT INTO CategoriasProductos VALUES('3b01b549-f221-4d10-a960-d130c117cd42','53a6d6ae-f054-46cc-ab76-fec5af27e3e2','f0d0fe74-0dab-4e25-9650-af5418354ee4');
INSERT INTO CategoriasProductos VALUES('01b43197-1345-4f7a-9457-76b5131e835a','3a0306b1-61f3-4226-9f74-6e9dbcc4f713','c0eb4afb-05bc-4504-a548-f87672a5e3bd');
INSERT INTO CategoriasProductos VALUES('9779c4f4-7756-4acd-b4a6-bd2924e3f130','f4622709-a828-4c98-90cb-bd5af72674db','6527e6a1-448a-424e-b493-a36806426bda');
INSERT INTO CategoriasProductos VALUES('846be711-8a09-4957-9d78-15e1a515cfde','f4622709-a828-4c98-90cb-bd5af72674db','99123cd7-47cf-495b-a0d1-3d18de574c38');
INSERT INTO CategoriasProductos VALUES('bd614e79-5aeb-4f97-a354-ea033cf5f36e','f784ee08-6cb3-4b96-bf68-dbfaea95f2d4','c7a33056-8370-48f7-aee5-e7aed96547c5');
INSERT INTO CategoriasProductos VALUES('aa60bd05-81a0-413b-a84d-823ed1d608db','f784ee08-6cb3-4b96-bf68-dbfaea95f2d4','4e99db6c-b8ac-4781-b8cd-e4456019e553');
INSERT INTO CategoriasProductos VALUES('3047c0b9-f74e-42c0-a11a-351bd0c74549','f784ee08-6cb3-4b96-bf68-dbfaea95f2d4','d2106979-010b-4d57-935f-f612d8c63980');
INSERT INTO CategoriasProductos VALUES('c8cbe7ef-a39a-4967-adbd-907b3835ca18','f784ee08-6cb3-4b96-bf68-dbfaea95f2d4','3b10249e-b662-4966-881e-3229054e11d2');
INSERT INTO CategoriasProductos VALUES('52e065c8-4fd9-414d-84eb-58fa0728c832','f784ee08-6cb3-4b96-bf68-dbfaea95f2d4','97b852b4-0b94-4ab1-b0b0-75daf7f0688f');
INSERT INTO CategoriasProductos VALUES('7ce34b48-f285-4db5-98d1-f554c8b45c7c','f784ee08-6cb3-4b96-bf68-dbfaea95f2d4','a697ce9f-4455-445a-a851-3393770be134');
INSERT INTO CategoriasProductos VALUES('9d0b7153-7836-44d1-ad87-ce8731b89a20','622dd465-5151-47ff-8200-ed24bbcf1568','f01918cc-fea9-4f0b-9eba-bae373f7bec6');
INSERT INTO CategoriasProductos VALUES('68bac1e6-ad79-436d-a4c5-5d81bcda6446','264e0c42-d654-4ac8-a82b-e22078a8cc9a','b6444bdf-9a32-401c-9436-394375b441e5');
INSERT INTO CategoriasProductos VALUES('98d0d443-8fc7-4589-b431-6697f2a5e0ea','2132d7c8-6878-4447-ad29-0b14901fc16b','23ce09ea-5eb4-46ce-b5b9-c9dbc49e7c22');
INSERT INTO CategoriasProductos VALUES('3a08012f-aaec-41e0-ab3d-5489d1062c73','0a66848a-f138-45b4-bf98-105639277063','7e2a88d6-3fad-45a2-84a6-9f9284eb9f25');
INSERT INTO CategoriasProductos VALUES('d8473140-8b6e-47c2-a310-6d47ecdb45b2','0a66848a-f138-45b4-bf98-105639277063','1d9be779-0538-456e-b10a-20575fdefcfc');
INSERT INTO CategoriasProductos VALUES('0e0c368c-ff1d-4b13-bc8c-f9d1b82dae46','0a66848a-f138-45b4-bf98-105639277063','d0c2ea8c-9fd2-43db-8a8b-b6533d892a37');
INSERT INTO CategoriasProductos VALUES('cf025e1e-b96d-408e-96d8-6b99930e8fc5','0a66848a-f138-45b4-bf98-105639277063','14155e6f-2500-4734-89c1-f13d7f0a5150');
INSERT INTO CategoriasProductos VALUES('6f943c3c-76c6-4a8e-9088-5937f5c1067f','0a66848a-f138-45b4-bf98-105639277063','dfc6e4f5-5053-498c-a42c-3241cc9b93be');
INSERT INTO CategoriasProductos VALUES('47f35930-5f5a-4046-953c-0a203d380a51','ae4fbdc2-f4d8-412f-b98f-90aded0990da','12e5d183-d6b0-40ef-b565-2670fef038bc');
INSERT INTO CategoriasProductos VALUES('8a37b63c-bc34-44a9-9104-f2fe2955923c','08226e44-2307-43a4-88fd-65199334b0ac','465b2f89-23ef-4b81-82bd-25d312781e5d');
INSERT INTO CategoriasProductos VALUES('0cb08e1b-d958-4ada-b306-8b71d774e720','08226e44-2307-43a4-88fd-65199334b0ac','b5c84d1a-4007-4184-bfa7-654dca50a21c');
INSERT INTO CategoriasProductos VALUES('cc8d55ac-3d59-4481-9211-4c70dd58c157','08226e44-2307-43a4-88fd-65199334b0ac','f3f0031b-7860-468c-9eed-8fb80f304a1f');
INSERT INTO CategoriasProductos VALUES('c27c4289-3a85-4155-b4b8-6ae76bc17f41','ec6049df-4f7c-48d0-bf60-bd965d990d6e','2dd54ab4-c4d8-4f40-ab74-6b210087ea06');
INSERT INTO CategoriasProductos VALUES('eb331e7c-8122-438b-b17e-500d05e85d8b','f784ee08-6cb3-4b96-bf68-dbfaea95f2d4','32132066-0ea1-43ec-a5e2-26cbe8dc2e01');
INSERT INTO CategoriasProductos VALUES('5acec291-86a4-48f5-beed-1c8d36189938','d0504d41-9186-4e73-834d-7e07a7aac542','e54c9a0a-8ced-4e96-9d25-51b967c38663');
INSERT INTO CategoriasProductos VALUES('deb87357-5d33-4b6a-9a39-1cd35a25d5c0','bcef2feb-cfab-4cce-94db-095e46db1899','fb7e63fd-9f05-4994-8280-68b09351b728');
INSERT INTO CategoriasProductos VALUES('90fe2355-6594-46a4-9fa4-2495a6a4e2b2','2ddcde9d-7597-4c41-9971-07cfd1ad4080','769614a4-68c0-4d6e-8bc4-b37940006fe6');
INSERT INTO CategoriasProductos VALUES('6a8c0011-aaad-4293-97f6-91807b1fe845','b92f8407-550f-4e4f-89d3-3d0ed68617fd','2db4c87f-07f4-4bb4-a8a2-74ca74519378');
INSERT INTO CategoriasProductos VALUES('23f75173-9b90-4d9c-b2f4-e3606c04ed19','ec6049df-4f7c-48d0-bf60-bd965d990d6e','f75bb0d8-4144-4aec-ab76-25f94d452236');
INSERT INTO CategoriasProductos VALUES('b854a7b0-d4cd-40fe-b733-b24477c90278','17ad3519-b288-4ffb-a093-5b55fcafd983','f9fa1db7-c6b9-4655-b22c-db885a153915');
INSERT INTO CategoriasProductos VALUES('4a32a471-92ac-4444-847c-55e0253ae3d3','ec6049df-4f7c-48d0-bf60-bd965d990d6e','60cbeec6-b26f-4e5b-bd97-edb1fd0339bf');
INSERT INTO CategoriasProductos VALUES('c04fd66f-636d-4dd0-8d59-b06931ae6218','2ddcde9d-7597-4c41-9971-07cfd1ad4080','c6aa1daa-c53f-42ba-9d6f-40662fb2afdd');
INSERT INTO CategoriasProductos VALUES('02e60c5c-2c02-4193-8d31-6f5306d5e8e3','f8054893-0032-4ce0-9769-435f41297beb','09b1dabf-a2f5-4b5b-ad31-e0785f91a855');
INSERT INTO CategoriasProductos VALUES('092d07c5-3ab5-4861-8eab-42040e1ecf75','f8054893-0032-4ce0-9769-435f41297beb','fb3a2790-476c-4691-aa07-23375a03eb2a');
INSERT INTO CategoriasProductos VALUES('d2976f62-9c15-4730-b171-8c78de1ce6a7','a3e91bba-6d6f-4d0f-8f44-8bfc50e6369b','b0e2e904-1828-43fa-9fe3-ace06cf1c43a');
INSERT INTO CategoriasProductos VALUES('3747c450-8e1e-499f-b6f3-d70ace186b71','1fde4dd3-5fd3-4efe-a99f-bcde7cfd39b2','f3c89436-658b-4127-a16d-9380e40b14c6');
INSERT INTO CategoriasProductos VALUES('752adc8f-d9ac-4717-96ef-60a00a5825ac','65e75842-813f-4568-9dbc-4be308415122','0f31193b-048a-4ff7-a692-f63e03c1493e');
INSERT INTO CategoriasProductos VALUES('3669a16c-c24a-4c63-a161-db9174047221','65e75842-813f-4568-9dbc-4be308415122','56011ffc-ef9e-488c-b26c-ad7bd5775227');
INSERT INTO CategoriasProductos VALUES('6f447506-a449-4c4b-821c-b35b91c8002a','6fdea314-d761-41dd-8420-6559c27dd947','b27a4dd5-f240-4588-9898-964381acd067');
INSERT INTO CategoriasProductos VALUES('a36d5d17-21ac-480b-913c-c551ccb8a4a6','6fdea314-d761-41dd-8420-6559c27dd947','69b08a50-d4ae-409c-9f87-df957e200a2e');
INSERT INTO CategoriasProductos VALUES('ef091b03-6e0d-4822-87d7-c60cca58436f','105acebe-15c7-4ca8-bbfb-2c8ec2de973e','79c71a58-9dd3-4d20-a189-4f24d3a2cf3b');
INSERT INTO CategoriasProductos VALUES('5db7088c-39ea-4aa1-a5a1-4c67956cb700','2e698614-7d27-4b99-860c-134b9faf2358','4fcd879b-efb6-4146-844c-e7f79c9976ee');
INSERT INTO CategoriasProductos VALUES('a9f9076a-5705-41ed-acb0-fc738359a91a','e6b1af12-5416-4ef8-89e3-586dacfb460f','ceb28d7b-bd67-41c2-b728-bcd61c8a6b26');
INSERT INTO CategoriasProductos VALUES('b667e98c-a087-4168-be0e-2ac7ae5308c4','e6b1af12-5416-4ef8-89e3-586dacfb460f','5a57f7f0-c313-437c-bbe6-193bb610d322');
INSERT INTO CategoriasProductos VALUES('ef11f065-d9f3-4fc1-93cc-82f99f370cca','264e0c42-d654-4ac8-a82b-e22078a8cc9a','009d9407-4fed-4e5f-847a-34688f0747c3');
INSERT INTO CategoriasProductos VALUES('d6a7b356-3ae8-410a-a457-b9b29056b312','e27e6209-396c-48c4-a7e5-6a5643313e87','d948af13-ce55-46c0-93d8-93c1d8341265');
INSERT INTO CategoriasProductos VALUES('c31e8412-43b2-4075-9874-d11fc9110935','e27e6209-396c-48c4-a7e5-6a5643313e87','047a6bc1-6439-48e8-8b4c-c6f9a9da06d7');
INSERT INTO CategoriasProductos VALUES('04840bd4-5d9a-4d3f-9a96-c26733d5671f','f6e99b51-d054-448e-8713-32eec080ab8e','a5560c41-6842-4167-b2ca-6f51d6591df2');
INSERT INTO CategoriasProductos VALUES('bed5a4f4-41b1-4231-8879-bfa7b5ab46f5','2c148495-8b14-4682-ba7e-3a2a9461ef29','7c865d37-6ac9-49be-bf6f-94555ea5a7cf');
INSERT INTO Compras VALUES('4b0aebb0-750b-4585-9c0c-8db0055724f3','CONSORCIO PAPELERO OM S DE RL DE CV (LA UNIVERSAL PAPELERÍAS)','2022-04-18 00:00:00.000','2022-06-30 10:37:50.205',290,3335.5300000000002,0);
INSERT INTO Compras VALUES('0106de23-4cec-4bae-8996-5a37a48b6ac3','ORGANIZACIÓN PAPELERA OMEGA','2022-05-31 00:00:00.000','2022-06-30 10:46:48.514',127.59999999999999431,2861.3499999999999091,0);
INSERT INTO Compras VALUES('3969360b-86ee-4645-97da-1449b8dbdeb3','PAPELERIA MERIDA','2022-06-23 00:00:00.000','2022-06-30 10:50:16.159',40,3962.7699999999999817,0);
INSERT INTO Compras VALUES('a29c3266-b55c-46fe-8e74-fd46e2c7752e','DIDACTICOS.MX','2022-04-19 00:00:00.000','2022-06-30 10:59:49.939',0,3725.2699999999999817,0);
INSERT INTO Compras VALUES('6315a5a0-adb1-4bba-9c92-0e5ae5549042','PAPELERIA KAWAII','2022-06-06 00:00:00.000','2022-06-30 11:11:54.335',356,4000,0);
INSERT INTO Compras VALUES('751d6e59-7591-4f75-8897-7e241326e8d6','SHEIN','2022-04-21 00:00:00.000','2022-06-30 11:34:17.507',0,641.75,0);
INSERT INTO Compras VALUES('c77ea0cf-fdee-4137-bcf3-1182e4a02221','AMAZON MODELO MLT-D111S ','2022-04-01 00:00:00.000','2022-06-30 12:46:20.874',0,336,0);
INSERT INTO Compras VALUES('2a54442e-08cb-4b4a-83f7-e7919e7d1e19','AMAZON','2022-04-28 00:00:00.000','2022-06-30 15:06:17.061',0,858.91999999999995903,0);
INSERT INTO Compras VALUES('333807c6-1650-4734-ae83-fd431a88d1ba','PAPELERIA EL GORDO','2022-07-04 00:00:00.000','2022-07-04 14:43:39.723',0,0,0);
INSERT INTO Compras VALUES('f330e4ae-6be7-4ac7-82d8-1d22a9c31088','PAPELERIA OMEGA','2022-06-21 00:00:00.000','2022-07-05 12:34:35.448',5.7999999999999998223,2897.7100000000000364,0);
INSERT INTO Compras VALUES('c37588db-efda-4909-b109-16785442d392','PAPELERIA EL GORDO','2022-07-06 00:00:00.000','2022-07-06 11:54:55.136',0,0,0);
INSERT INTO Compras VALUES('6c7df2d2-fd94-4a8e-a414-dcb065b21103','PAPELERIA KAWAII','2022-06-27 00:00:00.000','2022-07-07 15:47:27.004',569,7500,0);
INSERT INTO Compras VALUES('ae1e63e9-b7e4-4bf0-a3d9-d766377b1cf5','PAPELERIA EL GORDO','2022-07-12 00:00:00.000','2022-07-12 11:53:21.068',0,72,0);
INSERT INTO Compras VALUES('67b37f8d-a68a-451f-8a4c-22af8b12f57e','PAPELERIA EL GORDO','2022-07-12 00:00:00.000','2022-07-12 15:38:33.004',0,0,0);
INSERT INTO ComprasProductos VALUES('28f0ca35-4873-47fb-81ca-06a07bb17ecd','57c4c975-ffc1-4c1e-a294-4dad0a9b70ad','4b0aebb0-750b-4585-9c0c-8db0055724f3',3,17.769999999999999574);
INSERT INTO ComprasProductos VALUES('0833833a-0e3b-42b6-b9a9-19d741c0e63a','1f20c201-6150-4d3e-9444-92acfd683a25','4b0aebb0-750b-4585-9c0c-8db0055724f3',5,4.5499999999999998223);
INSERT INTO ComprasProductos VALUES('5539b4b5-b73e-48d3-aa30-95496ff13787','dbff042b-1c5b-4328-82d5-d22b992fc095','4b0aebb0-750b-4585-9c0c-8db0055724f3',12,3.6099999999999998756);
INSERT INTO ComprasProductos VALUES('eba822ff-8bf4-45fb-a61b-3d41d0bd7c0b','dc202adb-9793-46f8-9b4b-227e2376f4c5','4b0aebb0-750b-4585-9c0c-8db0055724f3',12,3.6099999999999998756);
INSERT INTO ComprasProductos VALUES('9ad475cc-b3b4-4b99-97d5-1441ccec53ed','350dd557-0dd0-4b6c-bc39-cdb14bb8e2cc','4b0aebb0-750b-4585-9c0c-8db0055724f3',12,3.6099999999999998756);
INSERT INTO ComprasProductos VALUES('3e94ffe9-b660-438b-a477-a7352c807f6c','7ae2bba5-cf88-4cc5-b6a6-434745fc1825','4b0aebb0-750b-4585-9c0c-8db0055724f3',25,3.3199999999999998401);
INSERT INTO ComprasProductos VALUES('6028aeeb-5a02-487f-90b7-520e0927480d','56187f7b-08b9-4215-ac7e-e0d5ff178711','4b0aebb0-750b-4585-9c0c-8db0055724f3',25,2.8900000000000001243);
INSERT INTO ComprasProductos VALUES('a77a2fd3-b79d-4fb3-a326-a3ff10782630','bf294675-135a-473f-af0f-73acc3616920','4b0aebb0-750b-4585-9c0c-8db0055724f3',10,5.6500000000000003552);
INSERT INTO ComprasProductos VALUES('fb106934-2582-46c8-b457-0f63e6382552','9f7a8f9e-3fd5-4926-a3ea-699d869b74d7','4b0aebb0-750b-4585-9c0c-8db0055724f3',5,7.5400000000000000355);
INSERT INTO ComprasProductos VALUES('5f963c44-aaa3-48e3-8c79-38a180f40907','9cdefba1-0d39-4800-b7c1-6249a3deda4e','4b0aebb0-750b-4585-9c0c-8db0055724f3',5,4.7199999999999997513);
INSERT INTO ComprasProductos VALUES('d432391d-877e-47a9-8e4e-34686c7b3983','4fde23ba-e43a-4c27-9e63-a34313252202','4b0aebb0-750b-4585-9c0c-8db0055724f3',3,16.699999999999999289);
INSERT INTO ComprasProductos VALUES('91299b41-6186-48d1-b5b3-76cc81ac0101','4a730595-f7e7-4dfd-b6d6-70517fc49240','4b0aebb0-750b-4585-9c0c-8db0055724f3',2,12.859999999999999431);
INSERT INTO ComprasProductos VALUES('43c3f17b-ac2d-44d9-af5b-454c64f803ba','54851ce7-7735-495a-a8c2-dd662c8a5a6f','4b0aebb0-750b-4585-9c0c-8db0055724f3',9,12.960000000000000853);
INSERT INTO ComprasProductos VALUES('88fa69f0-7470-407d-af5e-3eb080c516f0','96a0a97a-b630-4839-bc82-95e4039226fe','4b0aebb0-750b-4585-9c0c-8db0055724f3',3,8.5399999999999991473);
INSERT INTO ComprasProductos VALUES('2f904544-5fe1-4772-8873-90b46606e0ca','eacf85b0-05dc-47dc-9f1e-899ec5c326b2','4b0aebb0-750b-4585-9c0c-8db0055724f3',3,29.609999999999999432);
INSERT INTO ComprasProductos VALUES('d9861438-067c-47c1-a84d-2700ab91fb68','a6b90ceb-4247-404e-a402-9d1ff3973597','4b0aebb0-750b-4585-9c0c-8db0055724f3',6,13.75);
INSERT INTO ComprasProductos VALUES('3ee76b93-1e66-4bec-9267-deee35e95ea9','b2e8f52d-b370-4ae5-8f62-cf55fc598fa9','4b0aebb0-750b-4585-9c0c-8db0055724f3',6,13.75);
INSERT INTO ComprasProductos VALUES('07d9b6ab-bb46-4eec-bf13-607eb0cd35c5','ba30c4c7-3da7-4e4b-877f-815e57ec8337','4b0aebb0-750b-4585-9c0c-8db0055724f3',5,17.059999999999998721);
INSERT INTO ComprasProductos VALUES('f18a00a0-7979-4b0d-a0d0-b2731be42a7c','6608218b-e22a-4075-8bb8-b2adf490b3ac','4b0aebb0-750b-4585-9c0c-8db0055724f3',5,17.059999999999998721);
INSERT INTO ComprasProductos VALUES('a64be927-7c9d-42f3-8bfb-6dba00629923','4789aea5-b530-4a40-8378-2d3b092b1754','4b0aebb0-750b-4585-9c0c-8db0055724f3',25,1.5700000000000000621);
INSERT INTO ComprasProductos VALUES('9ed343d5-6288-45f4-995f-545ce7285d61','f10fd3f5-ae22-4447-88ae-e67233a20731','4b0aebb0-750b-4585-9c0c-8db0055724f3',12,2.0299999999999998046);
INSERT INTO ComprasProductos VALUES('b514bd5e-9d4b-4c4b-8729-2c53b4dcca90','db93e100-bc9f-471a-ab58-d657fce3eab9','4b0aebb0-750b-4585-9c0c-8db0055724f3',5,4.5499999999999998223);
INSERT INTO ComprasProductos VALUES('e05cda22-87fe-4dcd-91b3-145949fd2ac6','3e03a742-9a72-482a-b63d-048104c7d05b','4b0aebb0-750b-4585-9c0c-8db0055724f3',3,21.460000000000000852);
INSERT INTO ComprasProductos VALUES('02665c04-6ec0-43dc-86e3-3dab632d5882','19e36473-774e-460b-908e-77fadd9f354e','4b0aebb0-750b-4585-9c0c-8db0055724f3',5,19.059999999999998721);
INSERT INTO ComprasProductos VALUES('eaf03e0c-c4b2-4fe3-845d-7ff565961a80','3079caa5-a3a2-416b-9712-a30764f07203','4b0aebb0-750b-4585-9c0c-8db0055724f3',3,8);
INSERT INTO ComprasProductos VALUES('db026f04-8978-45bf-825e-7f9c8e8a9fdd','85e62b35-87f6-4bb5-a079-2dfc6112672b','4b0aebb0-750b-4585-9c0c-8db0055724f3',3,13.199999999999999289);
INSERT INTO ComprasProductos VALUES('2dcadbdc-df4d-4b92-a9eb-689fd56dd2c4','bde7473b-c28b-444c-bf39-ba847051836f','4b0aebb0-750b-4585-9c0c-8db0055724f3',10,4.6399999999999996802);
INSERT INTO ComprasProductos VALUES('7828aa72-2791-43ff-8acb-5a19ea259cb1','b120dad2-b00d-4ad3-918c-ba5906c44add','4b0aebb0-750b-4585-9c0c-8db0055724f3',50,0.63000000000000000444);
INSERT INTO ComprasProductos VALUES('7b7a8f43-f256-4acf-b77d-7d478d03f72a','8190e475-d1e5-458c-8b60-7ed31747465d','4b0aebb0-750b-4585-9c0c-8db0055724f3',3,19.600000000000001421);
INSERT INTO ComprasProductos VALUES('1ae592f5-b319-4609-be0e-8f0db4152501','c19390ef-7795-44f9-b804-0c0c5ed311b8','4b0aebb0-750b-4585-9c0c-8db0055724f3',10,4.080000000000000071);
INSERT INTO ComprasProductos VALUES('24634682-634d-451d-b594-17f8bd159cb8','4ce17f59-3d41-491b-909a-d2004537a2d4','4b0aebb0-750b-4585-9c0c-8db0055724f3',12,4.1200000000000001065);
INSERT INTO ComprasProductos VALUES('58efcfed-0a76-42e6-9493-9acf6a5eeebd','605632d1-6c84-4c44-9db0-9360d2d9453e','4b0aebb0-750b-4585-9c0c-8db0055724f3',12,1.7900000000000000355);
INSERT INTO ComprasProductos VALUES('54573bd1-e7e6-419b-a641-9fcad422c89b','f9540191-caa5-400e-940f-f015f0baab5a','4b0aebb0-750b-4585-9c0c-8db0055724f3',1,16.190000000000001278);
INSERT INTO ComprasProductos VALUES('51859653-bf46-417d-998b-8b9571947f87','bb0fe574-e04a-4839-8151-8ac59fdd3707','4b0aebb0-750b-4585-9c0c-8db0055724f3',3,12.25);
INSERT INTO ComprasProductos VALUES('3f4fe1b3-4244-44dc-bd50-9d874d9d0086','cef1e29a-3647-4a0d-8c5f-552a16c505f2','4b0aebb0-750b-4585-9c0c-8db0055724f3',5,10.890000000000000568);
INSERT INTO ComprasProductos VALUES('686d2be9-7544-4905-b830-3c455fa1af90','0131c739-bd61-4ba1-a341-6b42598a58c3','4b0aebb0-750b-4585-9c0c-8db0055724f3',5,10.759999999999999787);
INSERT INTO ComprasProductos VALUES('13f07223-035f-43a5-9a8c-8b8886474c7a','be98540c-4824-42ed-b832-52e1597f10c5','4b0aebb0-750b-4585-9c0c-8db0055724f3',2,36.149999999999998579);
INSERT INTO ComprasProductos VALUES('ca257243-9b75-4f39-9aee-cfc7e51387b7','2bbeb0a2-633a-4944-8eb8-b83afa06917d','4b0aebb0-750b-4585-9c0c-8db0055724f3',25,2.7799999999999998046);
INSERT INTO ComprasProductos VALUES('6a25831b-baf8-4013-ad13-5cc72dd5a842','9c9d5658-0db6-4f99-aedb-234f69171218','4b0aebb0-750b-4585-9c0c-8db0055724f3',25,2.5600000000000000532);
INSERT INTO ComprasProductos VALUES('24edd05d-6f29-45d6-8fe9-e2a6c1c8db37','cac8f2c5-3f80-4bbb-962f-8afc7df1ec33','4b0aebb0-750b-4585-9c0c-8db0055724f3',500,0.26307999999999998053);
INSERT INTO ComprasProductos VALUES('e0070508-7eec-42a9-89f7-4ce28108d4ef','f0d4fb86-098c-4a11-8ecd-0d138d144c25','4b0aebb0-750b-4585-9c0c-8db0055724f3',25,1.1899999999999999467);
INSERT INTO ComprasProductos VALUES('8506f37b-d2d1-4772-9c85-6dd5b42bccde','e598f847-9752-483a-8aca-8c4f34f973c6','4b0aebb0-750b-4585-9c0c-8db0055724f3',10,5.9500000000000001776);
INSERT INTO ComprasProductos VALUES('f968e6e2-d44a-40a4-9564-355f2201d76b','f2dff186-20ba-4f64-8df5-720349cfef55','4b0aebb0-750b-4585-9c0c-8db0055724f3',25,4.9000000000000003552);
INSERT INTO ComprasProductos VALUES('d2ce4d8c-20bc-421f-96cb-a6f0d31b8961','c9a4e01c-35a7-4bd0-b8e8-4a9c34583f50','4b0aebb0-750b-4585-9c0c-8db0055724f3',25,2.5899999999999998578);
INSERT INTO ComprasProductos VALUES('2b6f389f-c885-4564-bbfc-b81ce8767843','b299faa8-9db9-4978-bc28-4eb9c51d0287','4b0aebb0-750b-4585-9c0c-8db0055724f3',3,20.640000000000000568);
INSERT INTO ComprasProductos VALUES('3211f6a1-cae2-4e5c-8002-fe26f110ba6a','e0ec06ec-38e1-4623-b833-b47fe673dfe9','4b0aebb0-750b-4585-9c0c-8db0055724f3',12,2.4199999999999999289);
INSERT INTO ComprasProductos VALUES('f7eb564d-b155-4e4b-90dc-63d5d6917184','0230b451-3230-4a91-98d9-8e745882f60f','4b0aebb0-750b-4585-9c0c-8db0055724f3',2,17.719999999999998863);
INSERT INTO ComprasProductos VALUES('82182d15-dadc-45e5-bce4-146ee2417985','d9940643-5d36-4711-9a41-7b4e6954f32e','4b0aebb0-750b-4585-9c0c-8db0055724f3',10,3.2000000000000001776);
INSERT INTO ComprasProductos VALUES('ba25269f-a71c-440f-9aa2-3805ce43bb18','885962ba-909a-4e72-83ed-838c2f3e6434','4b0aebb0-750b-4585-9c0c-8db0055724f3',10,5.8499999999999996447);
INSERT INTO ComprasProductos VALUES('8a63bd22-ff55-4921-965c-9e2520ae4ae9','418f8c47-fb8e-4b44-a17a-39c378bad358','4b0aebb0-750b-4585-9c0c-8db0055724f3',5,10.210000000000000852);
INSERT INTO ComprasProductos VALUES('9653cfd0-8fd3-43c7-ba17-9cc16cc13fc2','51495446-d018-4f03-a05d-22ec84af601e','4b0aebb0-750b-4585-9c0c-8db0055724f3',10,5.4299999999999997157);
INSERT INTO ComprasProductos VALUES('ecb94564-1901-4abb-b2c6-cd579c929f6e','573b3b1f-48bf-41d8-b1c6-4f5b67a228d8','4b0aebb0-750b-4585-9c0c-8db0055724f3',25,2.0699999999999998401);
INSERT INTO ComprasProductos VALUES('8a9ab828-f613-48c3-bb6a-04267a66c24b','e5a11065-8280-430a-849a-8bf7eb10c666','4b0aebb0-750b-4585-9c0c-8db0055724f3',25,2.0099999999999997868);
INSERT INTO ComprasProductos VALUES('5105f82c-a58f-4be6-bac3-3433f56a0f04','04417d06-10b7-42a8-9d76-babc1dc56b11','4b0aebb0-750b-4585-9c0c-8db0055724f3',5,6.2400000000000002131);
INSERT INTO ComprasProductos VALUES('e42e3e54-7e0f-4d68-92b1-97ccbda70f50','b28379ac-fccd-473b-9948-7998a0a0ebae','4b0aebb0-750b-4585-9c0c-8db0055724f3',10,3.0499999999999998223);
INSERT INTO ComprasProductos VALUES('529c9b01-fa73-4e21-bceb-6fd3a251cfac','8b682924-3250-4ad4-9ab6-410fcdb4dcc4','4b0aebb0-750b-4585-9c0c-8db0055724f3',24,0.28000000000000002664);
INSERT INTO ComprasProductos VALUES('c5e7bc0c-248d-4af3-a261-a7dc43bf086b','33e08d00-f126-48e7-8585-5f6fe9672b78','4b0aebb0-750b-4585-9c0c-8db0055724f3',3,26.420000000000001705);
INSERT INTO ComprasProductos VALUES('4583037f-08f8-4004-b72a-c7ae0481acc7','2f92aef2-aa52-41e3-8abe-38777540639f','4b0aebb0-750b-4585-9c0c-8db0055724f3',25,0.72999999999999998223);
INSERT INTO ComprasProductos VALUES('c5fe45b3-1dd9-43b5-ab0b-5820bfc2a320','36d729e0-89cc-4370-a348-a811b0ffd6cd','0106de23-4cec-4bae-8996-5a37a48b6ac3',36,20.75);
INSERT INTO ComprasProductos VALUES('c71613bc-2aeb-439e-97f7-454cc34842d6','89fe459b-ef13-48b2-83b2-311dddb7ffc5','0106de23-4cec-4bae-8996-5a37a48b6ac3',36,20.75);
INSERT INTO ComprasProductos VALUES('d95e2708-2405-4b1b-8368-c04eadec3b44','74ab4a54-47b2-4f19-8435-bff21e3ebd8f','0106de23-4cec-4bae-8996-5a37a48b6ac3',36,20.75);
INSERT INTO ComprasProductos VALUES('239cc892-0a84-4d33-bbd3-10b1bee36d97','05ff13dd-fd0a-4506-9dd0-fd483eca34e2','0106de23-4cec-4bae-8996-5a37a48b6ac3',25,3.2831999999999998962);
INSERT INTO ComprasProductos VALUES('534ea04b-c368-453e-96f1-f21753f37519','57516d91-6595-4539-a592-53935646f768','0106de23-4cec-4bae-8996-5a37a48b6ac3',25,3.2831999999999998962);
INSERT INTO ComprasProductos VALUES('94e251e6-5240-42ea-a9e9-480a209e33cd','91ac591b-2b6f-45f8-a808-3a6c3397c9ec','0106de23-4cec-4bae-8996-5a37a48b6ac3',25,3.2831999999999998962);
INSERT INTO ComprasProductos VALUES('0f41e44c-416d-4624-bd0f-4b7ee9bfe175','c0b42acf-700f-482f-b6c2-814a9a7a6cf9','0106de23-4cec-4bae-8996-5a37a48b6ac3',25,3.2831999999999998962);
INSERT INTO ComprasProductos VALUES('f79eeacb-b83f-4d67-84b3-2caa595342a3','c58c07dd-028b-43ef-9ac1-405e9db05746','0106de23-4cec-4bae-8996-5a37a48b6ac3',25,3.2831999999999998962);
INSERT INTO ComprasProductos VALUES('a0d7748d-764d-4446-9f76-0968ed84e1e2','11d09c23-4796-43d5-b35e-1914ecac8770','0106de23-4cec-4bae-8996-5a37a48b6ac3',25,3.2831999999999998962);
INSERT INTO ComprasProductos VALUES('57a95e8f-6fef-4739-8a53-062979879990','2e399f67-18de-4078-9f3b-db0d8b0ddfd3','3969360b-86ee-4645-97da-1449b8dbdeb3',12,9.1500000000000003552);
INSERT INTO ComprasProductos VALUES('956f934a-5b9e-421b-9d64-0d64594ffc2d','d515cb66-52af-4373-8267-899ae2434b6a','3969360b-86ee-4645-97da-1449b8dbdeb3',12,19.149999999999998578);
INSERT INTO ComprasProductos VALUES('f8280c73-f8d1-4ed8-b7a8-55cc560e4910','d7d1a149-d513-4b40-a7c5-33e419e6c984','3969360b-86ee-4645-97da-1449b8dbdeb3',12,7.6699999999999999289);
INSERT INTO ComprasProductos VALUES('253ebb23-e1fa-4631-8906-a4772327cf20','60d53dde-cf46-42bc-8967-d5fb2b0be6bc','3969360b-86ee-4645-97da-1449b8dbdeb3',6,23.160000000000000141);
INSERT INTO ComprasProductos VALUES('89e225bc-fed7-4bfd-898b-83dbce04d7a2','046967b3-7768-4d55-805b-e555b2784aa3','3969360b-86ee-4645-97da-1449b8dbdeb3',10,9.1500000000000003552);
INSERT INTO ComprasProductos VALUES('ecd6470a-eacc-487d-850f-047bbf28540d','39ad2c37-6287-49c7-9630-07b4a0226e04','3969360b-86ee-4645-97da-1449b8dbdeb3',150,1.0500000000000000444);
INSERT INTO ComprasProductos VALUES('7e441fe4-3e68-446b-b158-b8e4a50a2865','619c6e64-0421-4040-98ba-db23ee565a96','3969360b-86ee-4645-97da-1449b8dbdeb3',150,0.66000000000000003108);
INSERT INTO ComprasProductos VALUES('557e9f2f-964a-43ff-9b96-775635cbd1a5','cbc383b8-b4b1-4ef8-8ed3-5bfe8041c088','3969360b-86ee-4645-97da-1449b8dbdeb3',50,0.72999999999999998223);
INSERT INTO ComprasProductos VALUES('8b17d265-def4-409b-ae4f-0a7dd19ec7bc','6594fe29-ad22-4ffa-9f64-324c2a102805','3969360b-86ee-4645-97da-1449b8dbdeb3',60,3.6600000000000001421);
INSERT INTO ComprasProductos VALUES('e2abc147-5a83-4178-884f-fce199852894','64eea60c-f83d-4867-a26f-98461674dcfb','3969360b-86ee-4645-97da-1449b8dbdeb3',12,16.160000000000000142);
INSERT INTO ComprasProductos VALUES('8973cf43-fea1-4ef2-b80c-2034554e537f','ab1b1c4d-91c6-4466-ba38-858e624c36dd','3969360b-86ee-4645-97da-1449b8dbdeb3',24,10.160000000000000142);
INSERT INTO ComprasProductos VALUES('fed2d13a-fedb-49af-b969-a7ce2ad3c8f0','381ff4f2-e947-42fb-9653-115d23acc57b','3969360b-86ee-4645-97da-1449b8dbdeb3',24,9.1500000000000003552);
INSERT INTO ComprasProductos VALUES('146752c0-d0c1-4faf-84ba-5e125f0030b8','8866b262-3b69-45a4-ba76-6adf98dab86d','3969360b-86ee-4645-97da-1449b8dbdeb3',24,9.1500000000000003552);
INSERT INTO ComprasProductos VALUES('ad1671a9-2403-485d-87da-91d44ba109eb','35ff58d6-adcf-4df1-9810-b8cf63fd1dc9','3969360b-86ee-4645-97da-1449b8dbdeb3',24,9.1500000000000003552);
INSERT INTO ComprasProductos VALUES('70be59e2-9732-4f8f-a74f-a92b3888a085','a2847fbf-2516-4896-b2dd-a654182a83c6','3969360b-86ee-4645-97da-1449b8dbdeb3',40,4.4100000000000001421);
INSERT INTO ComprasProductos VALUES('8a93560e-85a6-4f09-9a96-f9263cc8e3bb','dc6dc317-f0a3-4564-a87b-0fd67676788e','3969360b-86ee-4645-97da-1449b8dbdeb3',24,4.1500000000000003552);
INSERT INTO ComprasProductos VALUES('461c62a8-ecf3-4eb2-96f2-618bac416d7e','df49cf05-8170-4138-b80a-5922370999f5','3969360b-86ee-4645-97da-1449b8dbdeb3',24,5.9900000000000002131);
INSERT INTO ComprasProductos VALUES('0cbc12c6-f5a1-478b-8104-c8d6ed115947','a383bfbb-b5e1-449a-bc72-f9d05d7621e4','3969360b-86ee-4645-97da-1449b8dbdeb3',38,5.2999999999999998223);
INSERT INTO ComprasProductos VALUES('4addf2ca-35e6-4cff-a427-ab34fa61747c','f32dd0e9-c276-4540-a4e9-2a5618768fd2','3969360b-86ee-4645-97da-1449b8dbdeb3',94,2.2400000000000002131);
INSERT INTO ComprasProductos VALUES('5ba8760e-73fb-47e3-9506-be6943dd0e91','2d706189-ec9c-40e4-83c2-047cb2076369','3969360b-86ee-4645-97da-1449b8dbdeb3',24,14.949999999999999289);
INSERT INTO ComprasProductos VALUES('6b42ac0b-490f-4ebd-9a30-bf3827a77407','a45c90b5-ca62-406b-b22d-3a4d7eaa97a5','3969360b-86ee-4645-97da-1449b8dbdeb3',24,9.9199999999999999289);
INSERT INTO ComprasProductos VALUES('5e7a13f7-54c6-427b-93f1-0b5a56ae1bb7','458b5091-dfdb-4de0-8708-f0665c6e822a','3969360b-86ee-4645-97da-1449b8dbdeb3',24,10.660000000000000141);
INSERT INTO ComprasProductos VALUES('dc1ab77d-96f1-4331-bd50-01522048b1d8','cd56fd01-535d-47ef-bc1b-0fedb1b96b1d','3969360b-86ee-4645-97da-1449b8dbdeb3',24,4.6500000000000003552);
INSERT INTO ComprasProductos VALUES('51ae75c1-d0c4-4aa7-9f60-edd8adaac444','c487136a-7544-4a1f-a630-9120d7f5aa02','a29c3266-b55c-46fe-8e74-fd46e2c7752e',50,0.19000000000000000222);
INSERT INTO ComprasProductos VALUES('208b7d6d-e8ff-4c83-aaba-2cea3a036333','cb3fb06f-2dc7-441a-a98a-6e7a1812232b','a29c3266-b55c-46fe-8e74-fd46e2c7752e',50,0.19000000000000000222);
INSERT INTO ComprasProductos VALUES('3a0e9251-c709-49a7-903a-cd6ca7d4b5ab','10f8d550-3484-4603-a142-b96c4a0b4c43','a29c3266-b55c-46fe-8e74-fd46e2c7752e',50,0.19000000000000000222);
INSERT INTO ComprasProductos VALUES('19037843-f29a-4b36-a4bd-101a7994c44f','134d97a5-f770-48ca-afc4-9cecfc636d33','a29c3266-b55c-46fe-8e74-fd46e2c7752e',50,0.19000000000000000222);
INSERT INTO ComprasProductos VALUES('a033d12a-ebf4-4f24-8302-81c5352fd2c0','896fec02-251d-4a98-9989-c55355b2f11a','a29c3266-b55c-46fe-8e74-fd46e2c7752e',50,0.19000000000000000222);
INSERT INTO ComprasProductos VALUES('eacdf67b-e6e4-4e7d-9df4-8b4315d96f6a','96d7de23-7dd4-4dd0-927c-084c60ca875f','a29c3266-b55c-46fe-8e74-fd46e2c7752e',50,0.19000000000000000222);
INSERT INTO ComprasProductos VALUES('b924b3da-7306-4227-a5bc-4a2eb4ab17fc','7227366a-9b56-4230-a0be-cee52f761f3e','a29c3266-b55c-46fe-8e74-fd46e2c7752e',50,0.19000000000000000222);
INSERT INTO ComprasProductos VALUES('15ee95fc-1bf7-4af6-a409-99ae339b9b39','e036ae7c-28b9-443e-83f9-2833352cb80a','a29c3266-b55c-46fe-8e74-fd46e2c7752e',50,0.19000000000000000222);
INSERT INTO ComprasProductos VALUES('76f3b7bf-98c0-4487-8e88-c5c7d9d317ac','05e2ce54-722c-4d15-a5cf-baae6c3ac402','a29c3266-b55c-46fe-8e74-fd46e2c7752e',50,0.19000000000000000222);
INSERT INTO ComprasProductos VALUES('10fb028c-20f5-45fd-9508-0effff05d4dc','7e914ab8-2971-426f-a0b4-0f8476e915ec','a29c3266-b55c-46fe-8e74-fd46e2c7752e',50,0.19000000000000000222);
INSERT INTO ComprasProductos VALUES('0b249eee-8ea6-4946-9400-652de2204c6e','222ff6f7-2550-4342-812b-7b680ebcd4d4','a29c3266-b55c-46fe-8e74-fd46e2c7752e',50,0.19000000000000000222);
INSERT INTO ComprasProductos VALUES('b04f527e-8fb2-4df8-b509-58c2ff1c56a8','60a28083-fbd3-4c09-8965-31e0378bab94','a29c3266-b55c-46fe-8e74-fd46e2c7752e',50,0.19000000000000000222);
INSERT INTO ComprasProductos VALUES('9c759aba-4c20-4679-8c1e-379712dcd9b7','f05b5b05-2c2d-4f36-8eca-42df78af554f','a29c3266-b55c-46fe-8e74-fd46e2c7752e',50,0.19000000000000000222);
INSERT INTO ComprasProductos VALUES('3602bcf8-7ee9-4c26-a1ab-78c20486d070','1d84b8a8-5147-45a3-8b77-633ecc6115e8','a29c3266-b55c-46fe-8e74-fd46e2c7752e',50,0.19000000000000000222);
INSERT INTO ComprasProductos VALUES('cd879133-3741-4ed9-b84b-e3d4f87418aa','cbe06eb1-ba09-4343-841d-19ad12e3fdc7','a29c3266-b55c-46fe-8e74-fd46e2c7752e',50,0.19000000000000000222);
INSERT INTO ComprasProductos VALUES('b4c79969-2b7f-4df0-be3f-05228a167ec7','7220996d-d53c-47e0-b4da-7509de7069bd','a29c3266-b55c-46fe-8e74-fd46e2c7752e',50,0.19000000000000000222);
INSERT INTO ComprasProductos VALUES('018e7587-0bec-4123-9b9f-a01642b518a4','f3ef2720-0783-4e6d-9f4b-2cf6f91d964c','a29c3266-b55c-46fe-8e74-fd46e2c7752e',50,0.19000000000000000222);
INSERT INTO ComprasProductos VALUES('1034f4ce-2aa5-405b-a777-252d9ab5218e','d17742d6-b209-412a-b68b-28609094b388','a29c3266-b55c-46fe-8e74-fd46e2c7752e',50,0.19000000000000000222);
INSERT INTO ComprasProductos VALUES('c0e71667-f535-4c88-8162-d75a2c81c3c7','e3f27e23-4120-47c0-83ec-bdef7e7b95be','a29c3266-b55c-46fe-8e74-fd46e2c7752e',50,0.19000000000000000222);
INSERT INTO ComprasProductos VALUES('b097cf96-9f64-4a6d-826d-7ae0b627c17e','caa2ce4e-b5a8-4b2d-bf1c-d6b29c08fd6e','a29c3266-b55c-46fe-8e74-fd46e2c7752e',50,0.19000000000000000222);
INSERT INTO ComprasProductos VALUES('5bdc373f-04c6-452c-b5e3-3758ae749ecf','301e09b4-58ee-4341-84e8-ee69f78ec7c5','a29c3266-b55c-46fe-8e74-fd46e2c7752e',50,0.19000000000000000222);
INSERT INTO ComprasProductos VALUES('8249fcfe-4fda-43c5-a65f-ac2c82af347d','c3ab2abf-ada2-4d6c-b3b7-76ac132e6759','a29c3266-b55c-46fe-8e74-fd46e2c7752e',50,0.19000000000000000222);
INSERT INTO ComprasProductos VALUES('6f7415d1-c59f-454f-951c-ee02d2639095','2717be7e-3a6b-497a-89db-48fb7716dd8d','a29c3266-b55c-46fe-8e74-fd46e2c7752e',50,0.19000000000000000222);
INSERT INTO ComprasProductos VALUES('acca583c-bc4a-44c6-803f-484ef354e106','7281b876-9858-44cd-9824-592467071240','a29c3266-b55c-46fe-8e74-fd46e2c7752e',50,0.19000000000000000222);
INSERT INTO ComprasProductos VALUES('3aba113b-5b65-48ad-b0de-188f67113043','6bf24143-819e-4294-859c-09ee776ff24b','a29c3266-b55c-46fe-8e74-fd46e2c7752e',50,0.19000000000000000222);
INSERT INTO ComprasProductos VALUES('68c3bab8-e427-4b4c-95a4-85642b1a66db','9cc3ca43-af03-4fac-b859-5cffaaaf8b45','a29c3266-b55c-46fe-8e74-fd46e2c7752e',50,0.19000000000000000222);
INSERT INTO ComprasProductos VALUES('51023c20-86d3-4537-a88e-17127c68163c','dbc935a5-b1c3-4937-93f5-1de3a4d3640e','a29c3266-b55c-46fe-8e74-fd46e2c7752e',50,0.19000000000000000222);
INSERT INTO ComprasProductos VALUES('7c9a706d-31c8-4787-9605-62b32ed5c81f','3c51f201-fb51-47ad-98ed-8bd2743bb155','a29c3266-b55c-46fe-8e74-fd46e2c7752e',50,0.19000000000000000222);
INSERT INTO ComprasProductos VALUES('d5628074-4c87-4cdc-ad1e-ef2d220e5fdc','26e418ec-53cf-476b-9921-6098058c1f2c','a29c3266-b55c-46fe-8e74-fd46e2c7752e',50,0.19000000000000000222);
INSERT INTO ComprasProductos VALUES('411887d6-fcdc-4a6e-b0c6-34ad5074a646','b7acea95-4af1-4dc3-8fa0-b556a7556c91','a29c3266-b55c-46fe-8e74-fd46e2c7752e',50,0.19000000000000000222);
INSERT INTO ComprasProductos VALUES('ca6ac8f0-3684-4ae6-ba8f-29fd9e880209','b85f1e15-21b0-427e-b845-ded7122368be','a29c3266-b55c-46fe-8e74-fd46e2c7752e',50,0.19000000000000000222);
INSERT INTO ComprasProductos VALUES('7b5f77b6-d2c0-4e6e-b128-5f3f5b4e97a9','a4320568-db05-44e9-9fb8-9ed57c947fe7','a29c3266-b55c-46fe-8e74-fd46e2c7752e',50,0.19000000000000000222);
INSERT INTO ComprasProductos VALUES('614c3aa2-f392-4b1e-947c-741ee021d188','e3f11243-6741-4a5d-a6e2-804ae6057183','a29c3266-b55c-46fe-8e74-fd46e2c7752e',50,0.19000000000000000222);
INSERT INTO ComprasProductos VALUES('3ba475b1-a7d9-42b7-808f-37db6d9bd9f4','aff0698e-633f-4f4f-9e78-524b48f15105','a29c3266-b55c-46fe-8e74-fd46e2c7752e',50,0.19000000000000000222);
INSERT INTO ComprasProductos VALUES('0c538d64-7b75-42ec-a2c9-1c53d29e5508','12501d02-324a-400a-ad04-755d2b7ca210','a29c3266-b55c-46fe-8e74-fd46e2c7752e',50,0.19000000000000000222);
INSERT INTO ComprasProductos VALUES('a05d0002-a3f1-40f0-acb8-9f40e1279a37','f06517b0-1f0a-4c6c-917c-13c36313262b','a29c3266-b55c-46fe-8e74-fd46e2c7752e',25,1.4799999999999999822);
INSERT INTO ComprasProductos VALUES('f662d1ef-39bf-4a9f-8030-10c3a480398f','997d6863-9449-40e6-bead-9c0af4348859','a29c3266-b55c-46fe-8e74-fd46e2c7752e',25,1.4799999999999999822);
INSERT INTO ComprasProductos VALUES('6af12525-dee8-471f-8782-e6812534baf6','a29c9af0-d530-4218-b96b-d19f1d6bf13c','a29c3266-b55c-46fe-8e74-fd46e2c7752e',25,1.4799999999999999822);
INSERT INTO ComprasProductos VALUES('004ac3a0-e8b4-456a-b3b1-49ff0c56490d','64cd0550-2604-4529-9a51-bf7f41ed3d98','a29c3266-b55c-46fe-8e74-fd46e2c7752e',25,1.4799999999999999822);
INSERT INTO ComprasProductos VALUES('78421e7e-a3fb-4735-a0fb-71ab45be63ae','f37c8d50-1648-4ea4-a783-7924bda7d25f','a29c3266-b55c-46fe-8e74-fd46e2c7752e',25,1.4799999999999999822);
INSERT INTO ComprasProductos VALUES('d6339a47-3b11-463f-b12b-839657385217','af403453-194c-4fd9-b017-2d5cb0fc1a86','a29c3266-b55c-46fe-8e74-fd46e2c7752e',25,1.4799999999999999822);
INSERT INTO ComprasProductos VALUES('a225c1eb-67f4-472f-8612-7f29c15ce3cb','0ea6f305-0575-4ba0-ab50-6f928a1477b2','a29c3266-b55c-46fe-8e74-fd46e2c7752e',25,1.4799999999999999822);
INSERT INTO ComprasProductos VALUES('55d9a8b1-a10e-4755-b3ad-b8943606788e','5efe1d9c-1268-40f8-bfd6-3845b1f35428','a29c3266-b55c-46fe-8e74-fd46e2c7752e',25,1.4799999999999999822);
INSERT INTO ComprasProductos VALUES('71d287f5-d4fb-4bad-92f4-357deb9786b3','0b28d229-f4c2-429d-a869-67d643356be0','a29c3266-b55c-46fe-8e74-fd46e2c7752e',25,1.4799999999999999822);
INSERT INTO ComprasProductos VALUES('6fa0a4af-82c4-42e5-a0bb-1637284c0c97','ec30f820-d40c-4d9b-94cc-2223e0eddb87','a29c3266-b55c-46fe-8e74-fd46e2c7752e',25,1.4799999999999999822);
INSERT INTO ComprasProductos VALUES('0dc21aeb-2d41-4ec7-8f5f-00c064c03aed','f7263ec1-9f70-4ee7-8c9b-3028bb02ccc9','a29c3266-b55c-46fe-8e74-fd46e2c7752e',25,1.4799999999999999822);
INSERT INTO ComprasProductos VALUES('cbe1370a-7069-4570-a4ae-9b96a40d97d4','61a1890e-778b-4727-9dea-fa3f93c82f04','a29c3266-b55c-46fe-8e74-fd46e2c7752e',25,1.4799999999999999822);
INSERT INTO ComprasProductos VALUES('1551a10e-3a88-4533-8be9-a6abae372d04','900b07a5-42f2-4dab-a39b-b75deda84814','a29c3266-b55c-46fe-8e74-fd46e2c7752e',25,1.4799999999999999822);
INSERT INTO ComprasProductos VALUES('1da5c351-ee4c-407d-a979-b46f1b333d46','6955b219-f9ef-49f4-b73a-485e3e6350e5','a29c3266-b55c-46fe-8e74-fd46e2c7752e',25,1.4799999999999999822);
INSERT INTO ComprasProductos VALUES('13fc1e55-f3e7-4fa5-bf0c-20d8d79b695a','5485b849-260c-40a0-9598-19dfa3071bfe','a29c3266-b55c-46fe-8e74-fd46e2c7752e',25,1.4799999999999999822);
INSERT INTO ComprasProductos VALUES('d31d7a07-8e27-4f93-8ae2-e3a41caa3f66','1356c5c0-a2cd-4149-9129-2dc7d6c0254f','a29c3266-b55c-46fe-8e74-fd46e2c7752e',25,1.4799999999999999822);
INSERT INTO ComprasProductos VALUES('59dbfec1-d3a8-44f9-acc2-b4d4c4ccfd30','6fac78b3-b7ce-4b0a-a0b4-c5c92e367f34','a29c3266-b55c-46fe-8e74-fd46e2c7752e',25,1.4799999999999999822);
INSERT INTO ComprasProductos VALUES('a4394fda-8161-4d29-9a5e-c0f3f70950d7','2401080a-dd30-461f-9757-0e554b5b70e3','a29c3266-b55c-46fe-8e74-fd46e2c7752e',25,1.4799999999999999822);
INSERT INTO ComprasProductos VALUES('14ae3519-bf50-4e2a-b0ef-68f854df81ff','7167b2a8-5633-47ab-96a3-c8b9d0b7ec9d','a29c3266-b55c-46fe-8e74-fd46e2c7752e',25,1.4799999999999999822);
INSERT INTO ComprasProductos VALUES('ff0cacc3-bc24-4bcd-af92-5a8691f40d44','e4270af0-610e-4e69-ae48-9b6230dc4a1b','a29c3266-b55c-46fe-8e74-fd46e2c7752e',25,1.4799999999999999822);
INSERT INTO ComprasProductos VALUES('0822d759-bda4-4108-9ddf-495aab50623a','db6ff439-ac12-4426-86d8-cd70ebf916fc','a29c3266-b55c-46fe-8e74-fd46e2c7752e',25,1.4799999999999999822);
INSERT INTO ComprasProductos VALUES('32face2c-f6e4-4ad6-8d37-23aa83c3e0d0','24fa8273-9bda-4d92-a91e-19b705cfc2d5','a29c3266-b55c-46fe-8e74-fd46e2c7752e',25,1.4799999999999999822);
INSERT INTO ComprasProductos VALUES('1b3c9bad-d662-4958-8a9f-b71219e56bc3','bd0bbca7-a412-456e-9398-5bda1cd8c967','a29c3266-b55c-46fe-8e74-fd46e2c7752e',25,1.4799999999999999822);
INSERT INTO ComprasProductos VALUES('22a22769-8f88-475c-9a29-9b61918459a5','405bce9d-be16-4e48-b053-c88ae0508a99','a29c3266-b55c-46fe-8e74-fd46e2c7752e',25,1.4799999999999999822);
INSERT INTO ComprasProductos VALUES('e85a3d94-d4d4-4256-a637-0ff6db0b0013','3e2261b5-1b51-4bee-a4a3-0ce1251c41c3','a29c3266-b55c-46fe-8e74-fd46e2c7752e',25,1.4799999999999999822);
INSERT INTO ComprasProductos VALUES('e641f734-381c-4f83-92a3-f8d28d9a5f63','cc8da818-df5b-43a9-bf47-0afecec28fab','a29c3266-b55c-46fe-8e74-fd46e2c7752e',25,1.4799999999999999822);
INSERT INTO ComprasProductos VALUES('556f3faa-4f30-4ecc-8726-d1c0ee56b6d8','acd64cc4-0648-4858-9852-56a1b19a2f1a','a29c3266-b55c-46fe-8e74-fd46e2c7752e',25,1.4799999999999999822);
INSERT INTO ComprasProductos VALUES('dce61264-7eb6-4093-b6a9-8ef77e8f21d7','a023d191-0adc-44f5-8058-ae429d2bc69c','a29c3266-b55c-46fe-8e74-fd46e2c7752e',25,1.4799999999999999822);
INSERT INTO ComprasProductos VALUES('3e581641-ff1b-467a-84c2-a8a585dc1beb','bad7bf06-d990-4d97-bbb6-3f5a0c936b55','a29c3266-b55c-46fe-8e74-fd46e2c7752e',25,1.4799999999999999822);
INSERT INTO ComprasProductos VALUES('dc750eb5-5003-47e1-a01b-a15eb8ebcc7e','01d79d91-f6fd-4be6-8d68-0ffb92db986e','a29c3266-b55c-46fe-8e74-fd46e2c7752e',25,1.4799999999999999822);
INSERT INTO ComprasProductos VALUES('2189ecd5-cc96-4205-83dc-f379a2e5e7ef','3ffddcc8-46d9-4bde-9445-164be01bd8f1','a29c3266-b55c-46fe-8e74-fd46e2c7752e',25,1.4799999999999999822);
INSERT INTO ComprasProductos VALUES('690c744f-8787-45e1-8b11-79d2434227cc','8d456418-8b51-4c54-a518-623db612c648','a29c3266-b55c-46fe-8e74-fd46e2c7752e',25,1.4799999999999999822);
INSERT INTO ComprasProductos VALUES('925154bf-b280-4db3-bcd0-f3b13f039e64','3856683e-2a55-4433-b5fd-ebb8a533e167','a29c3266-b55c-46fe-8e74-fd46e2c7752e',25,1.4799999999999999822);
INSERT INTO ComprasProductos VALUES('16845c15-c404-4567-b59e-86fdba81d388','db2febc1-36d3-4e90-9ff9-c132ff28ef54','a29c3266-b55c-46fe-8e74-fd46e2c7752e',25,1.4799999999999999822);
INSERT INTO ComprasProductos VALUES('5e61a8a6-c2b5-43f8-82a9-57686373b020','d3b06acb-5eec-4f49-92fc-3047d658001f','a29c3266-b55c-46fe-8e74-fd46e2c7752e',25,1.4799999999999999822);
INSERT INTO ComprasProductos VALUES('c89ea075-547e-4b72-aaff-082814b5a6cf','c4746fc1-9db3-4cc9-bdda-a9488fd4aa56','a29c3266-b55c-46fe-8e74-fd46e2c7752e',25,1.4799999999999999822);
INSERT INTO ComprasProductos VALUES('141dbdc9-a911-45a9-94f9-55db5d0c7de2','bb9d431e-3385-436d-81cb-0c6c6e5713f8','a29c3266-b55c-46fe-8e74-fd46e2c7752e',25,1.4799999999999999822);
INSERT INTO ComprasProductos VALUES('c3a6e0d8-c84f-4e26-adbf-491383a23aea','0622d264-0372-4485-a44e-353d444bba13','a29c3266-b55c-46fe-8e74-fd46e2c7752e',25,1.4799999999999999822);
INSERT INTO ComprasProductos VALUES('20024d63-fdf7-462f-a55e-694fff94b2da','8400535d-aee8-46c7-9aac-61bb4a2a08f6','a29c3266-b55c-46fe-8e74-fd46e2c7752e',25,1.4799999999999999822);
INSERT INTO ComprasProductos VALUES('52b72ffe-66c4-4a07-b9f9-2d9b27c7cf91','48e01207-c3b7-4432-abe5-eaf2b7562342','a29c3266-b55c-46fe-8e74-fd46e2c7752e',25,1.4799999999999999822);
INSERT INTO ComprasProductos VALUES('0ba0a27b-1a68-456b-acef-fe0806a2a363','b2181876-07e7-4ced-9f9e-f1e36efe815c','a29c3266-b55c-46fe-8e74-fd46e2c7752e',25,1.4799999999999999822);
INSERT INTO ComprasProductos VALUES('8f163aee-3bab-446e-81b5-ab6e34b6406a','cc54c0d5-ef6b-4e9f-9b93-887ad20f95b0','a29c3266-b55c-46fe-8e74-fd46e2c7752e',25,1.4799999999999999822);
INSERT INTO ComprasProductos VALUES('d52f1297-7673-4fe1-a325-a77431a107e2','3b1f33f4-a860-4a95-acd1-55cc54444971','a29c3266-b55c-46fe-8e74-fd46e2c7752e',50,1.4799999999999999822);
INSERT INTO ComprasProductos VALUES('f384c8fa-a220-4a7e-b8bb-9f2b997d6181','cc523f05-b722-4bb2-a446-d6ca12aa0082','a29c3266-b55c-46fe-8e74-fd46e2c7752e',25,1.4799999999999999822);
INSERT INTO ComprasProductos VALUES('f87be780-be8f-4c90-b81d-d91fcd447e2c','b40f9b2e-7422-46cb-85be-390d45709ee5','a29c3266-b55c-46fe-8e74-fd46e2c7752e',25,1.4799999999999999822);
INSERT INTO ComprasProductos VALUES('bf9aa31f-1307-409c-afea-d76dcbd4bf39','42acead8-0276-4db8-bae8-a98ba21c09a4','a29c3266-b55c-46fe-8e74-fd46e2c7752e',25,1.4799999999999999822);
INSERT INTO ComprasProductos VALUES('1f4fad26-5b0c-44b6-b725-e3a57492b96f','8f13bb58-caa9-4864-9f31-854514be4b27','a29c3266-b55c-46fe-8e74-fd46e2c7752e',25,1.4799999999999999822);
INSERT INTO ComprasProductos VALUES('24d32a6c-ce44-403d-88a2-e45a18c52b3a','d8ce5e81-b69a-4b15-9207-304d15d04bd9','a29c3266-b55c-46fe-8e74-fd46e2c7752e',25,1.4799999999999999822);
INSERT INTO ComprasProductos VALUES('aeac98b9-5fc5-4985-8b6e-ca334a1968ec','6a299c58-75ee-4149-b64d-85b3245a7ebe','a29c3266-b55c-46fe-8e74-fd46e2c7752e',25,1.4799999999999999822);
INSERT INTO ComprasProductos VALUES('9fbcfe70-5905-4317-b972-b3db5c29d1a0','2d9a13ed-2c98-4ba6-af39-07e323a6b88f','a29c3266-b55c-46fe-8e74-fd46e2c7752e',50,0.19000000000000000222);
INSERT INTO ComprasProductos VALUES('e48c1a93-66a5-46d6-a9af-2a4bc6feb7e7','25320cb1-c6a3-4a35-8ecb-cb0087d792dc','a29c3266-b55c-46fe-8e74-fd46e2c7752e',50,0.19000000000000000222);
INSERT INTO ComprasProductos VALUES('037dfc2c-4229-462d-9894-ca3d04c3765f','74091171-2f53-4e33-b46d-0be774cee8ef','a29c3266-b55c-46fe-8e74-fd46e2c7752e',50,0.19000000000000000222);
INSERT INTO ComprasProductos VALUES('3209e1b9-e160-4b2a-bb89-bc5a88e8b9e7','d3b3eb14-cb24-4f97-9e5b-4004622bb766','a29c3266-b55c-46fe-8e74-fd46e2c7752e',50,0.19000000000000000222);
INSERT INTO ComprasProductos VALUES('2248570a-c541-46dc-95f7-7707762a66a1','28507269-fef1-4a33-843c-62787d834aa8','a29c3266-b55c-46fe-8e74-fd46e2c7752e',50,0.19000000000000000222);
INSERT INTO ComprasProductos VALUES('b0fb2c20-6f04-41c2-93de-359426239c5b','8e508eb5-dbcf-4aa3-9568-de723992b6ad','a29c3266-b55c-46fe-8e74-fd46e2c7752e',50,0.19000000000000000222);
INSERT INTO ComprasProductos VALUES('d8fb0cd0-7467-4dc8-93e7-6a4f49f39856','b024b2df-6870-403a-a83f-e8f5ff6cfd5f','a29c3266-b55c-46fe-8e74-fd46e2c7752e',50,0.19000000000000000222);
INSERT INTO ComprasProductos VALUES('4b582c2d-e3d6-4726-9b82-b4d32c6925c2','161f7490-61a8-45cf-a583-09e600329350','a29c3266-b55c-46fe-8e74-fd46e2c7752e',50,0.19000000000000000222);
INSERT INTO ComprasProductos VALUES('bfd7f20c-cd3a-4cb3-83fd-79edfcdc1e64','6a30b655-bf64-4b50-9d65-bbca8125c76f','a29c3266-b55c-46fe-8e74-fd46e2c7752e',50,0.19000000000000000222);
INSERT INTO ComprasProductos VALUES('7561d8e2-630b-4ab0-bd30-b06d6afb8d87','6f6a3580-b87a-4036-a395-2861e7a399fd','a29c3266-b55c-46fe-8e74-fd46e2c7752e',50,0.19000000000000000222);
INSERT INTO ComprasProductos VALUES('b0a41da1-4a60-4674-9443-97e7168651f0','f1d4ddb6-0241-4e41-b8bb-77388d286ae5','a29c3266-b55c-46fe-8e74-fd46e2c7752e',50,0.19000000000000000222);
INSERT INTO ComprasProductos VALUES('de3b5b68-d01e-4237-b0c7-f135b8a52968','f7775c01-f203-44d3-a95a-d79494e127bf','a29c3266-b55c-46fe-8e74-fd46e2c7752e',50,0.19000000000000000222);
INSERT INTO ComprasProductos VALUES('a3efdaa0-87c0-4310-af99-9d8a3b34b827','f9a4f3f9-4da7-4331-853f-c49c1a93289e','a29c3266-b55c-46fe-8e74-fd46e2c7752e',50,0.19000000000000000222);
INSERT INTO ComprasProductos VALUES('41f5d828-ecda-4cc9-9872-9fefc03357e7','0366bf57-8220-4181-8f92-45fe2e70335a','a29c3266-b55c-46fe-8e74-fd46e2c7752e',50,0.19000000000000000222);
INSERT INTO ComprasProductos VALUES('3f8ea40b-a053-4aa0-9f45-6518a9699047','fbee9499-7aea-406e-bb46-35c5293f14da','a29c3266-b55c-46fe-8e74-fd46e2c7752e',50,0.19000000000000000222);
INSERT INTO ComprasProductos VALUES('a9f2b871-d778-4b08-83e1-26c87f99658d','e58cfae9-ae4c-4029-be04-904907b35550','a29c3266-b55c-46fe-8e74-fd46e2c7752e',50,0.19000000000000000222);
INSERT INTO ComprasProductos VALUES('930b1ded-5e18-4f8a-8bed-a4f0ac403b91','29553bd1-c580-4b74-8de9-2e85590ee916','a29c3266-b55c-46fe-8e74-fd46e2c7752e',50,0.19000000000000000222);
INSERT INTO ComprasProductos VALUES('86d8fa77-fc22-4a9e-9589-6203232f4966','49e84910-63a0-48c5-b0cd-e2b62d354cc4','a29c3266-b55c-46fe-8e74-fd46e2c7752e',50,0.19000000000000000222);
INSERT INTO ComprasProductos VALUES('219e2f24-a40e-449a-9e44-1ea245113f22','997974d5-53b0-4dfc-8e23-57a64c6420b9','a29c3266-b55c-46fe-8e74-fd46e2c7752e',25,3.1299999999999998934);
INSERT INTO ComprasProductos VALUES('1f7c597c-75ca-43e9-b4ba-a661792b803c','46e3b42d-8c1f-42c0-96a8-d61a307b2282','a29c3266-b55c-46fe-8e74-fd46e2c7752e',25,3.1299999999999998934);
INSERT INTO ComprasProductos VALUES('3480a4c5-016b-4383-8f24-f8893a7b0598','f45ab0bc-be03-47e0-ae5d-5edaa1addbee','a29c3266-b55c-46fe-8e74-fd46e2c7752e',100,0.38000000000000000444);
INSERT INTO ComprasProductos VALUES('ea63196e-cd76-473b-b317-8d0479270028','cc9a45ab-22b4-4b5e-9ea1-2f276adb02c3','a29c3266-b55c-46fe-8e74-fd46e2c7752e',100,0.38000000000000000444);
INSERT INTO ComprasProductos VALUES('5d03d842-de38-4a24-b64e-e837634d6217','af9ec623-e6c4-4b21-b3c1-45eff1e26bd0','a29c3266-b55c-46fe-8e74-fd46e2c7752e',100,0.38000000000000000444);
INSERT INTO ComprasProductos VALUES('290e5fae-c1d7-44a7-8ac0-9d57dccaecc3','7afc7392-4479-4c4f-97ef-2be900abaa6c','a29c3266-b55c-46fe-8e74-fd46e2c7752e',100,0.38000000000000000444);
INSERT INTO ComprasProductos VALUES('40d2cdf9-aa52-4342-ae87-9693603d43e6','25dcfd6d-0e61-4b2d-9a8b-6de5acaa932d','a29c3266-b55c-46fe-8e74-fd46e2c7752e',100,0.38000000000000000444);
INSERT INTO ComprasProductos VALUES('75486de7-0112-4c5e-80ec-9b16c9112409','b871aac0-0127-4d26-b34e-e54a30bb5eac','a29c3266-b55c-46fe-8e74-fd46e2c7752e',100,0.38000000000000000444);
INSERT INTO ComprasProductos VALUES('88143ab6-70dc-4196-8b8f-2c9db9433276','057907d8-7191-4e91-b738-d5cdc149cc5a','a29c3266-b55c-46fe-8e74-fd46e2c7752e',100,0.38000000000000000444);
INSERT INTO ComprasProductos VALUES('c816cdc4-1a38-4b5c-8780-faac886ce0d3','29dd9ef9-2b52-41de-b0c1-c5ea25d25ac6','a29c3266-b55c-46fe-8e74-fd46e2c7752e',100,0.38000000000000000444);
INSERT INTO ComprasProductos VALUES('8aec86a7-5ba8-47c1-8d56-0046bf4e6afd','b75c48f4-3654-456e-9d45-c5f7df8f1786','a29c3266-b55c-46fe-8e74-fd46e2c7752e',100,0.38000000000000000444);
INSERT INTO ComprasProductos VALUES('b79fdd50-4a99-43f5-90f5-2c80dfb754cb','8896d3a1-fdd4-447a-bdee-35036c7ff714','a29c3266-b55c-46fe-8e74-fd46e2c7752e',100,0.38000000000000000444);
INSERT INTO ComprasProductos VALUES('327acb95-13c9-4ab8-83bf-587fe3e0d699','e940f1a1-c208-4ad2-98d5-e04451c1d259','a29c3266-b55c-46fe-8e74-fd46e2c7752e',100,0.38000000000000000444);
INSERT INTO ComprasProductos VALUES('d8228749-6b26-47d1-8e65-6496f47ec44f','7df88d02-877d-4e34-92de-fa28185e7071','a29c3266-b55c-46fe-8e74-fd46e2c7752e',100,0.38000000000000000444);
INSERT INTO ComprasProductos VALUES('377ff796-c860-46be-af32-859cb51addfa','1276b9bf-12e3-4e04-aac8-487950e8bfb8','a29c3266-b55c-46fe-8e74-fd46e2c7752e',100,0.38000000000000000444);
INSERT INTO ComprasProductos VALUES('f52d75ea-dd73-4177-a86a-e19241bae32d','e1726cdb-f5e7-4a9f-9d0d-cfeaa79780df','a29c3266-b55c-46fe-8e74-fd46e2c7752e',100,0.38000000000000000444);
INSERT INTO ComprasProductos VALUES('91218e60-cbe9-4f04-a1ab-7e23a2c83d55','fcac5ef3-9ced-41f9-a139-75ecebd98d44','a29c3266-b55c-46fe-8e74-fd46e2c7752e',100,0.38000000000000000444);
INSERT INTO ComprasProductos VALUES('38982e01-bd1d-432d-8659-ac78ee612836','e902c05f-ad20-44a0-9be2-333d3970da28','a29c3266-b55c-46fe-8e74-fd46e2c7752e',100,0.38000000000000000444);
INSERT INTO ComprasProductos VALUES('020e0139-8984-4554-99e8-b3bb3b63ecf8','5c72b610-ca26-4650-9489-2bb711e503da','a29c3266-b55c-46fe-8e74-fd46e2c7752e',200,0.11999999999999999555);
INSERT INTO ComprasProductos VALUES('2de9d095-ec7b-4a09-ac61-21febb9dd824','d46317cf-8cfd-4f8f-a1ca-5fd3e4e34727','a29c3266-b55c-46fe-8e74-fd46e2c7752e',200,0.11999999999999999555);
INSERT INTO ComprasProductos VALUES('6d3ca06c-3bbc-421c-86f7-0e8dc05973ff','d0f24d51-576c-4b9c-93b8-6a76d9b7e7df','a29c3266-b55c-46fe-8e74-fd46e2c7752e',200,0.11999999999999999555);
INSERT INTO ComprasProductos VALUES('3bcd279f-bcb6-47df-8dd2-51106a17a915','25fdb193-0968-4676-93b3-d80e0390163b','a29c3266-b55c-46fe-8e74-fd46e2c7752e',200,0.11999999999999999555);
INSERT INTO ComprasProductos VALUES('68b106d2-1e08-48ab-b2f9-a87cf8ffd435','fa74986d-ca33-4c8d-8c7d-3a287d7fa0aa','6315a5a0-adb1-4bba-9c92-0e5ae5549042',16,5.5);
INSERT INTO ComprasProductos VALUES('e7814c37-3559-4913-9c11-03c8d4993d43','fba34212-9643-4ef7-a96a-900762f2fa9f','6315a5a0-adb1-4bba-9c92-0e5ae5549042',16,5.5);
INSERT INTO ComprasProductos VALUES('684e004c-a1d3-4575-bf52-13d232063e08','530a23d1-4093-4736-bc93-51ffdd42a349','6315a5a0-adb1-4bba-9c92-0e5ae5549042',5,25.499999999999999999);
INSERT INTO ComprasProductos VALUES('022ef6aa-98fd-4e2a-8648-539212fdc74c','c01d93cc-41b6-445e-a03c-7889fd9ce0ea','6315a5a0-adb1-4bba-9c92-0e5ae5549042',5,15.499999999999999999);
INSERT INTO ComprasProductos VALUES('1cad4c1f-9142-4ac4-8c33-6b9890bef2be','a3a2da0f-7230-49fc-a49e-69577b8f749a','6315a5a0-adb1-4bba-9c92-0e5ae5549042',5,17.5);
INSERT INTO ComprasProductos VALUES('c11ec70b-2cdd-47bd-931c-9b3b826164fc','3443d25e-1fe3-491f-b666-7933700558e4','6315a5a0-adb1-4bba-9c92-0e5ae5549042',2,35.499999999999999999);
INSERT INTO ComprasProductos VALUES('73037342-c8e6-4b89-bb1b-85e2ee81017c','1be3ea96-2f38-4d5d-a400-8f20d1acef94','6315a5a0-adb1-4bba-9c92-0e5ae5549042',30,12.5);
INSERT INTO ComprasProductos VALUES('723d3e32-2375-4bb1-a0b3-d6078d40a517','aa75a615-4021-490f-b222-b7c8199fe407','6315a5a0-adb1-4bba-9c92-0e5ae5549042',24,20.499999999999999999);
INSERT INTO ComprasProductos VALUES('05935718-fc35-4fe7-a869-42ca0be3972b','396b8e2b-eb64-42f5-a2dc-39acc8baaf50','6315a5a0-adb1-4bba-9c92-0e5ae5549042',12,13);
INSERT INTO ComprasProductos VALUES('13953f7c-4745-43f6-8b0d-f99812f3b030','48bd1420-88a4-4655-b80d-637c426c5b82','6315a5a0-adb1-4bba-9c92-0e5ae5549042',24,5.5);
INSERT INTO ComprasProductos VALUES('b607ad22-bf78-4ecc-827c-6e7fc7f992a2','ef7380ec-5ae7-4c21-b5ad-e0f7f16063ef','6315a5a0-adb1-4bba-9c92-0e5ae5549042',20,4.5);
INSERT INTO ComprasProductos VALUES('324220c4-77cd-4ba1-99d5-9b101e45bd14','ea3e439c-350d-4d5f-8ee1-a9d4604e3430','6315a5a0-adb1-4bba-9c92-0e5ae5549042',120,4.5);
INSERT INTO ComprasProductos VALUES('6a214cdd-da9f-4e12-9d6b-18a973970c3b','dfb571f5-6fb4-45bd-8275-1a3485a70d0f','6315a5a0-adb1-4bba-9c92-0e5ae5549042',24,6);
INSERT INTO ComprasProductos VALUES('764160a9-60ca-46a4-b036-37df11c3d5db','3b2db0d9-1829-4903-8d99-86ad3c3e7b85','6315a5a0-adb1-4bba-9c92-0e5ae5549042',64,12.5);
INSERT INTO ComprasProductos VALUES('d54afb65-0ee0-4099-ac75-95bef5b0ea03','1432c48e-8118-4931-b91a-8f3019efd1f7','6315a5a0-adb1-4bba-9c92-0e5ae5549042',192,3);
INSERT INTO ComprasProductos VALUES('e7b7702e-6952-4e5d-812d-a7fb343d5291','0bc7cb69-eedf-424a-8e52-2330f935b0e8','6315a5a0-adb1-4bba-9c92-0e5ae5549042',24,4);
INSERT INTO ComprasProductos VALUES('90ef61f0-27e3-4c69-8b6e-11c1b0c31793','25f6f83f-68bc-4e0d-b2c3-c6df9d42856f','6315a5a0-adb1-4bba-9c92-0e5ae5549042',12,3.5);
INSERT INTO ComprasProductos VALUES('94bed200-ad9e-4b9f-832b-c08748cebbf2','621f2991-79fe-431d-991c-b582d477985f','6315a5a0-adb1-4bba-9c92-0e5ae5549042',12,4.5);
INSERT INTO ComprasProductos VALUES('f1af5c70-382b-41d9-ab58-99a72ed32230','28da8b57-dbca-416b-a0b5-d728659da148','6315a5a0-adb1-4bba-9c92-0e5ae5549042',100,3.7999999999999998223);
INSERT INTO ComprasProductos VALUES('66751ff7-9d0d-486c-8d1c-ffdd968685e8','2d743311-c1f0-4e92-9366-11b5502e9746','6315a5a0-adb1-4bba-9c92-0e5ae5549042',12,5.5);
INSERT INTO ComprasProductos VALUES('f76911f4-4df6-4b78-98b5-2470bd1d39f7','dbf3d9d5-9581-4de0-a2fc-a4cbb8ef2187','751d6e59-7591-4f75-8897-7e241326e8d6',6,36.549999999999997156);
INSERT INTO ComprasProductos VALUES('55caf62e-8153-48c8-80c1-d8208e1c5327','7b786b99-eb56-4e8a-80e7-224d01bcf0f8','751d6e59-7591-4f75-8897-7e241326e8d6',6,19.55000000000000071);
INSERT INTO ComprasProductos VALUES('277a2bf1-3401-4a77-af39-03054cc9d299','ad000120-0cc7-406b-8a96-ec47f18d0f69','751d6e59-7591-4f75-8897-7e241326e8d6',3,14.449999999999999289);
INSERT INTO ComprasProductos VALUES('a8df0e04-7ee7-4a8f-abcd-9b419a66de92','2162a7ba-32b0-4552-b1c0-2ce026bd4d02','751d6e59-7591-4f75-8897-7e241326e8d6',6,11.900000000000000355);
INSERT INTO ComprasProductos VALUES('83ebc095-636b-4ed6-b565-5435b59dee87','330e143e-745a-41df-84e3-fe0b578076d8','751d6e59-7591-4f75-8897-7e241326e8d6',5,16.149999999999998578);
INSERT INTO ComprasProductos VALUES('d17d6c3b-23e6-4f40-a527-e60954649616','faf25a8b-f62b-4030-b462-ddf99a70cadb','751d6e59-7591-4f75-8897-7e241326e8d6',6,11.900000000000000355);
INSERT INTO ComprasProductos VALUES('7f679637-1dd7-42f2-878d-65c76056d41f','b945dd4e-a9b0-452c-ab98-8ee836dcafc4','751d6e59-7591-4f75-8897-7e241326e8d6',3,50.14999999999999858);
INSERT INTO ComprasProductos VALUES('6e2d4c77-651b-4201-b15a-c090406f634b','299330bd-9df8-4943-9d08-7e4bea8b4588','751d6e59-7591-4f75-8897-7e241326e8d6',10,4.7599999999999997868);
INSERT INTO ComprasProductos VALUES('12e9235e-bcff-4b8e-822a-44f0ae77bdd5','fff022d7-2ef3-4479-bcfa-cc64e692fe26','751d6e59-7591-4f75-8897-7e241326e8d6',3,30.600000000000001421);
INSERT INTO ComprasProductos VALUES('08d6efee-b23a-4063-bfa8-12fbc075513b','f0d0fe74-0dab-4e25-9650-af5418354ee4','c77ea0cf-fdee-4137-bcf3-1182e4a02221',1000,0.59999999999999997779);
INSERT INTO ComprasProductos VALUES('5a79f14f-0c80-45f5-8afd-33026971832c','c0eb4afb-05bc-4504-a548-f87672a5e3bd','2a54442e-08cb-4b4a-83f7-e7919e7d1e19',58,14.810000000000000496);
INSERT INTO ComprasProductos VALUES('e522b4e9-d289-4d25-94bd-1a4dcb520d49','6527e6a1-448a-424e-b493-a36806426bda','333807c6-1650-4734-ae83-fd431a88d1ba',0,0);
INSERT INTO ComprasProductos VALUES('ba8de1c2-49c7-458a-989a-6c0fc0baf029','99123cd7-47cf-495b-a0d1-3d18de574c38','333807c6-1650-4734-ae83-fd431a88d1ba',0,0);
INSERT INTO ComprasProductos VALUES('505f1f14-2e81-449b-9929-67709c92c17e','c7a33056-8370-48f7-aee5-e7aed96547c5','f330e4ae-6be7-4ac7-82d8-1d22a9c31088',36,2.9700000000000001953);
INSERT INTO ComprasProductos VALUES('8322f8a0-410e-4162-bd52-55fe98fdc01d','4e99db6c-b8ac-4781-b8cd-e4456019e553','f330e4ae-6be7-4ac7-82d8-1d22a9c31088',36,2.9700000000000001953);
INSERT INTO ComprasProductos VALUES('6befb7ca-7d36-4820-8cbe-809c5c531f05','d2106979-010b-4d57-935f-f612d8c63980','f330e4ae-6be7-4ac7-82d8-1d22a9c31088',36,2.9700000000000001953);
INSERT INTO ComprasProductos VALUES('44429584-de3d-415a-8432-54d74a3fe8fb','3b10249e-b662-4966-881e-3229054e11d2','f330e4ae-6be7-4ac7-82d8-1d22a9c31088',36,2.9700000000000001953);
INSERT INTO ComprasProductos VALUES('60ac1eef-da51-442a-be66-b7ffd1bbf2f8','97b852b4-0b94-4ab1-b0b0-75daf7f0688f','f330e4ae-6be7-4ac7-82d8-1d22a9c31088',36,2.9700000000000001953);
INSERT INTO ComprasProductos VALUES('47231e99-bbc9-43e0-b080-d501d4de3783','a697ce9f-4455-445a-a851-3393770be134','f330e4ae-6be7-4ac7-82d8-1d22a9c31088',36,2.9700000000000001953);
INSERT INTO ComprasProductos VALUES('a5408d15-9c7e-460c-9554-d1efa2fad381','f01918cc-fea9-4f0b-9eba-bae373f7bec6','f330e4ae-6be7-4ac7-82d8-1d22a9c31088',12,20.760000000000001564);
INSERT INTO ComprasProductos VALUES('644bd24a-48f1-4942-bfb7-380e651bad8c','b6444bdf-9a32-401c-9436-394375b441e5','f330e4ae-6be7-4ac7-82d8-1d22a9c31088',6,55.490000000000001987);
INSERT INTO ComprasProductos VALUES('f3b910ab-83c2-4a26-8c64-d252d9bc0839','23ce09ea-5eb4-46ce-b5b9-c9dbc49e7c22','f330e4ae-6be7-4ac7-82d8-1d22a9c31088',36,15.419999999999999928);
INSERT INTO ComprasProductos VALUES('794c3c45-fc72-4417-9cca-7e3f0c89233f','7e2a88d6-3fad-45a2-84a6-9f9284eb9f25','f330e4ae-6be7-4ac7-82d8-1d22a9c31088',168,3.2200000000000001953);
INSERT INTO ComprasProductos VALUES('2ea6ba4d-47ef-40e8-8f10-c49deee66132','1d9be779-0538-456e-b10a-20575fdefcfc','f330e4ae-6be7-4ac7-82d8-1d22a9c31088',10,4.5499999999999998223);
INSERT INTO ComprasProductos VALUES('565c9986-ad95-4551-879a-9868a5540132','d0c2ea8c-9fd2-43db-8a8b-b6533d892a37','f330e4ae-6be7-4ac7-82d8-1d22a9c31088',50,3.9100000000000001421);
INSERT INTO ComprasProductos VALUES('f4691516-efef-46fc-ae4a-b971ccfe1096','14155e6f-2500-4734-89c1-f13d7f0a5150','f330e4ae-6be7-4ac7-82d8-1d22a9c31088',50,3.9100000000000001421);
INSERT INTO ComprasProductos VALUES('4e0b824a-ec4a-4350-af06-a79edb0f3ea2','dfc6e4f5-5053-498c-a42c-3241cc9b93be','f330e4ae-6be7-4ac7-82d8-1d22a9c31088',50,3.7599999999999997868);
INSERT INTO ComprasProductos VALUES('ff1aadeb-25ac-4ec1-a745-b4375c931495','12e5d183-d6b0-40ef-b565-2670fef038bc','c37588db-efda-4909-b109-16785442d392',0,0);
INSERT INTO ComprasProductos VALUES('e346d852-79d5-47a3-9a9a-3e0c72a10dc5','465b2f89-23ef-4b81-82bd-25d312781e5d','6c7df2d2-fd94-4a8e-a414-dcb065b21103',24,28.660000000000000141);
INSERT INTO ComprasProductos VALUES('fbae66a6-9c47-42bc-a07e-7d1fcf802d27','b5c84d1a-4007-4184-bfa7-654dca50a21c','6c7df2d2-fd94-4a8e-a414-dcb065b21103',24,15.660000000000000141);
INSERT INTO ComprasProductos VALUES('ce9e2c2e-0bc1-4919-b71d-14e783717976','f3f0031b-7860-468c-9eed-8fb80f304a1f','6c7df2d2-fd94-4a8e-a414-dcb065b21103',24,8.6600000000000001421);
INSERT INTO ComprasProductos VALUES('c372b0d1-2388-4e14-927f-1b7e2954fe36','2dd54ab4-c4d8-4f40-ab74-6b210087ea06','6c7df2d2-fd94-4a8e-a414-dcb065b21103',18,15.660000000000000141);
INSERT INTO ComprasProductos VALUES('1d03ca20-d409-48e3-81b0-d71b9a927f67','32132066-0ea1-43ec-a5e2-26cbe8dc2e01','6c7df2d2-fd94-4a8e-a414-dcb065b21103',28,10.660000000000000141);
INSERT INTO ComprasProductos VALUES('392c1d90-4993-42e8-b18f-9c18d5d26a0b','e54c9a0a-8ced-4e96-9d25-51b967c38663','6c7df2d2-fd94-4a8e-a414-dcb065b21103',60,3.6600000000000001421);
INSERT INTO ComprasProductos VALUES('2438799d-4d5e-4fcc-8400-edc315fbab07','fb7e63fd-9f05-4994-8280-68b09351b728','6c7df2d2-fd94-4a8e-a414-dcb065b21103',24,5.6600000000000001421);
INSERT INTO ComprasProductos VALUES('f75cbcfa-f064-4fa4-a04c-72d6e7ac991d','769614a4-68c0-4d6e-8bc4-b37940006fe6','6c7df2d2-fd94-4a8e-a414-dcb065b21103',18,15.660000000000000141);
INSERT INTO ComprasProductos VALUES('24236174-c89a-4d3d-9606-0d4f58cbb809','2db4c87f-07f4-4bb4-a8a2-74ca74519378','6c7df2d2-fd94-4a8e-a414-dcb065b21103',6,35.659999999999996589);
INSERT INTO ComprasProductos VALUES('c6291968-7821-4ebc-9e63-637275bdaa24','f75bb0d8-4144-4aec-ab76-25f94d452236','6c7df2d2-fd94-4a8e-a414-dcb065b21103',24,4.6600000000000001421);
INSERT INTO ComprasProductos VALUES('8a8846fe-a7d1-4531-99b5-9866cb39bdcc','f9fa1db7-c6b9-4655-b22c-db885a153915','6c7df2d2-fd94-4a8e-a414-dcb065b21103',6,15.660000000000000141);
INSERT INTO ComprasProductos VALUES('fecd353d-b393-4a5e-9e5b-c623336e2f46','60cbeec6-b26f-4e5b-bd97-edb1fd0339bf','6c7df2d2-fd94-4a8e-a414-dcb065b21103',24,5.6600000000000001421);
INSERT INTO ComprasProductos VALUES('4d3a4b2e-b3f1-4f15-97b1-f055e19897aa','c6aa1daa-c53f-42ba-9d6f-40662fb2afdd','6c7df2d2-fd94-4a8e-a414-dcb065b21103',12,20.660000000000000141);
INSERT INTO ComprasProductos VALUES('5dfdf280-d23f-4064-96bf-9d7a48e483ec','09b1dabf-a2f5-4b5b-ad31-e0785f91a855','6c7df2d2-fd94-4a8e-a414-dcb065b21103',6,17.660000000000000142);
INSERT INTO ComprasProductos VALUES('34ab7bd7-89f8-41a8-a6b8-5c0a849b62aa','fb3a2790-476c-4691-aa07-23375a03eb2a','6c7df2d2-fd94-4a8e-a414-dcb065b21103',6,16.660000000000000142);
INSERT INTO ComprasProductos VALUES('feab3ec1-253d-478c-ac41-799eeb168408','b0e2e904-1828-43fa-9fe3-ace06cf1c43a','6c7df2d2-fd94-4a8e-a414-dcb065b21103',2,25.660000000000000141);
INSERT INTO ComprasProductos VALUES('442b3a18-f83f-43f2-a328-1ea33d1e8685','f3c89436-658b-4127-a16d-9380e40b14c6','6c7df2d2-fd94-4a8e-a414-dcb065b21103',72,1.4199999999999999289);
INSERT INTO ComprasProductos VALUES('c795fc43-9519-4036-be63-f61365126a1b','0f31193b-048a-4ff7-a692-f63e03c1493e','6c7df2d2-fd94-4a8e-a414-dcb065b21103',18,10.660000000000000141);
INSERT INTO ComprasProductos VALUES('d373e1b6-ea5a-4a5d-9f8f-4ef81b69bf6d','56011ffc-ef9e-488c-b26c-ad7bd5775227','6c7df2d2-fd94-4a8e-a414-dcb065b21103',12,12.660000000000000142);
INSERT INTO ComprasProductos VALUES('d00da0f9-6697-4864-9192-6957eebe6364','b27a4dd5-f240-4588-9898-964381acd067','6c7df2d2-fd94-4a8e-a414-dcb065b21103',6,16.660000000000000142);
INSERT INTO ComprasProductos VALUES('702b46e1-2c3c-4094-99e5-6fd771240d8b','69b08a50-d4ae-409c-9f87-df957e200a2e','6c7df2d2-fd94-4a8e-a414-dcb065b21103',12,12.660000000000000142);
INSERT INTO ComprasProductos VALUES('65f9020a-0853-4f1e-8b1f-04610965145b','79c71a58-9dd3-4d20-a189-4f24d3a2cf3b','6c7df2d2-fd94-4a8e-a414-dcb065b21103',48,4.9100000000000001421);
INSERT INTO ComprasProductos VALUES('bcc2741f-b073-4fdf-97b4-08dd0258abea','4fcd879b-efb6-4146-844c-e7f79c9976ee','6c7df2d2-fd94-4a8e-a414-dcb065b21103',24,7.3200000000000002842);
INSERT INTO ComprasProductos VALUES('d25315ee-c1ce-4c90-9391-b63ff64a9480','ceb28d7b-bd67-41c2-b728-bcd61c8a6b26','6c7df2d2-fd94-4a8e-a414-dcb065b21103',6,15.660000000000000141);
INSERT INTO ComprasProductos VALUES('d142c559-df5c-4912-80d9-a4687fc37529','5a57f7f0-c313-437c-bbe6-193bb610d322','6c7df2d2-fd94-4a8e-a414-dcb065b21103',6,20.660000000000000141);
INSERT INTO ComprasProductos VALUES('9c4391ae-1171-40ec-81a0-f605ab28809f','009d9407-4fed-4e5f-847a-34688f0747c3','6c7df2d2-fd94-4a8e-a414-dcb065b21103',100,4.1600000000000001421);
INSERT INTO ComprasProductos VALUES('2bbd3780-b77b-4272-91c6-283e2e60f46f','d948af13-ce55-46c0-93d8-93c1d8341265','6c7df2d2-fd94-4a8e-a414-dcb065b21103',28,18.160000000000000142);
INSERT INTO ComprasProductos VALUES('34f25573-a94d-461f-abe7-ba462eae56f3','047a6bc1-6439-48e8-8b4c-c6f9a9da06d7','6c7df2d2-fd94-4a8e-a414-dcb065b21103',22,18.160000000000000142);
INSERT INTO ComprasProductos VALUES('15b86e60-ed9c-4ba4-a114-f4e272867898','3443d25e-1fe3-491f-b666-7933700558e4','6c7df2d2-fd94-4a8e-a414-dcb065b21103',2,35.659999999999996589);
INSERT INTO ComprasProductos VALUES('24b9d662-4bb5-4dd5-857f-6daf018f6741','ea3e439c-350d-4d5f-8ee1-a9d4604e3430','6c7df2d2-fd94-4a8e-a414-dcb065b21103',100,4.6600000000000001421);
INSERT INTO ComprasProductos VALUES('a301c463-7b4b-4426-b57e-5189df3e1ec2','dfb571f5-6fb4-45bd-8275-1a3485a70d0f','6c7df2d2-fd94-4a8e-a414-dcb065b21103',36,6.1600000000000001421);
INSERT INTO ComprasProductos VALUES('bae416ef-6f7e-48d4-92b6-f0a008b4af85','a3a2da0f-7230-49fc-a49e-69577b8f749a','6c7df2d2-fd94-4a8e-a414-dcb065b21103',6,17.660000000000000142);
INSERT INTO ComprasProductos VALUES('b8015997-924d-4b37-89d4-b8740887fb40','c01d93cc-41b6-445e-a03c-7889fd9ce0ea','6c7df2d2-fd94-4a8e-a414-dcb065b21103',12,15.660000000000000141);
INSERT INTO ComprasProductos VALUES('449fb33e-29ec-457f-815e-f344030c2042','48bd1420-88a4-4655-b80d-637c426c5b82','6c7df2d2-fd94-4a8e-a414-dcb065b21103',12,5.6600000000000001421);
INSERT INTO ComprasProductos VALUES('69948e11-4aed-4fd3-9c91-66745d2cfe76','ef7380ec-5ae7-4c21-b5ad-e0f7f16063ef','6c7df2d2-fd94-4a8e-a414-dcb065b21103',40,4.6600000000000001421);
INSERT INTO ComprasProductos VALUES('2bb14b88-fb19-4ec9-8a55-2e79a00d99f8','a5560c41-6842-4167-b2ca-6f51d6591df2','ae1e63e9-b7e4-4bf0-a3d9-d766377b1cf5',36,2);
INSERT INTO ComprasProductos VALUES('7b931027-88c7-4411-8c0b-44bd5d54e3d2','7c865d37-6ac9-49be-bf6f-94555ea5a7cf','67b37f8d-a68a-451f-8a4c-22af8b12f57e',87,1.3799999999999998934);
INSERT INTO Ajustes VALUES('d2e0ecbd-481d-4c15-8e2e-d21344fb9d8e',100,0,'2022-05-30 11:51:16.927',0,0.16);
INSERT INTO Ajustes VALUES('5bf4b4df-7df3-4676-902e-e77b6a1fe583',6,0,'2022-05-30 12:00:30.536',0,0.16);
INSERT INTO Ajustes VALUES('84d5ebb4-0e9a-42eb-9bc1-56553eaf0f80',2.5,0,'2022-05-30 12:34:01.965',0,0.16);
INSERT INTO Ajustes VALUES('c0aa0d36-ccef-47aa-8ec0-2f65b0551e01',12,0,'2022-05-31 12:37:23.362',0,0.16);
INSERT INTO Ajustes VALUES('667ff281-875c-429e-9ac2-e840433f3d8d',4,0,'2022-05-31 12:38:43.065',0,0.16);
INSERT INTO Ajustes VALUES('b509c734-4ff7-48a0-ba63-515b5e871317',6,0,'2022-05-31 12:39:35.359',0,0.16);
INSERT INTO Ajustes VALUES('fe1434ab-e059-468b-ac9e-01bf885d4a1e',3,0,'2022-05-31 13:00:27.180',0,0.16);
INSERT INTO Ajustes VALUES('56b115a9-2949-41ae-9e20-1e7ad4b5ee3e',20,0,'2022-05-31 13:01:28.186',0,0.16);
INSERT INTO Ajustes VALUES('222b0288-60cf-47ce-b54a-c4551b0a9308',2,0,'2022-06-02 13:40:11.479',0,0.16);
INSERT INTO Ajustes VALUES('32a5a0fa-f36a-4166-9b11-63859f41138b',26,0,'2022-06-02 13:51:08.146',0,0.16);
INSERT INTO Ajustes VALUES('5dfb4ed6-8ca5-4d70-9664-692826dc91bf',1,0,'2022-06-03 13:54:47.981',0,0.16);
INSERT INTO Ajustes VALUES('df51d380-8432-4893-83e3-cd1d2c457057',1,0,'2022-06-03 13:55:24.474',0,0.16);
INSERT INTO Ajustes VALUES('5e099b23-b398-4b80-863b-8396a3052164',3,0,'2022-06-03 13:56:00.841',0,0.16);
INSERT INTO Ajustes VALUES('195aae02-744e-45b9-9d1c-070e675cd573',15,0,'2022-06-06 14:07:57.510',0,0.16);
INSERT INTO Ajustes VALUES('55ffe455-f38a-4578-b6fe-a97f83e76bd6',22,0,'2022-06-06 14:09:07.647',0,0.16);
INSERT INTO Ajustes VALUES('e1e8d129-7c8c-4981-941a-30a9e4bbfe49',22,0,'2022-06-06 14:10:21.100',0,0.16);
INSERT INTO Ajustes VALUES('2cc658e8-1ba0-4284-bb62-1136444b6fe7',16,0,'2022-06-06 14:12:14.522',0,0.16);
INSERT INTO Ajustes VALUES('03775027-8189-4e69-ba76-e153db5d9fd2',8,0,'2022-06-06 14:15:21.527',0,0.16);
INSERT INTO Ajustes VALUES('39b3d974-7435-4719-b989-fb50a7f58e93',6,0,'2022-06-06 14:25:50.234',0,0.16);
INSERT INTO Ajustes VALUES('0116056b-f1e8-46ee-8265-a720637528dc',6,0,'2022-06-07 14:31:18.685',0,0.16);
INSERT INTO Ajustes VALUES('eb5a23db-39ae-489b-8d8b-4b478bbe284a',7,0,'2022-06-07 14:32:16.930',0,0.16);
INSERT INTO Ajustes VALUES('22479770-d1a7-4b91-b63c-545afe5be6f5',15,0,'2022-06-07 14:34:26.022',0,0.16);
INSERT INTO Ajustes VALUES('f7058926-3a28-4db4-867f-1c8c392b4146',7,0,'2022-06-07 14:34:58.235',0,0.16);
INSERT INTO Ajustes VALUES('a1ae256b-ff6e-47f5-971c-491db2cc0162',1,0,'2022-06-07 14:35:33.647',0,0.16);
INSERT INTO Ajustes VALUES('37b5e480-e8c6-4897-8f2a-bde4cf360f25',16,0,'2022-06-07 14:36:00.710',0,0.16);
INSERT INTO Ajustes VALUES('443c1401-af4f-4384-8a07-3fdaac68badd',5,0,'2022-06-07 14:36:50.391',0,0.16);
INSERT INTO Ajustes VALUES('e7da09c5-e1be-4820-a428-253d525265f1',24,0,'2022-06-07 14:40:16.567',0,0.16);
INSERT INTO Ajustes VALUES('3b4afa73-f96d-4338-845f-e02f467be996',12,0,'2022-06-08 14:44:38.495',0,0.16);
INSERT INTO Ajustes VALUES('ec8c321e-7f04-49e6-8a13-8cd8f5bc6765',25,0,'2022-06-08 15:07:03.203',0,0.16);
INSERT INTO Ajustes VALUES('15e5c9ba-f3c6-4e7a-8db6-44127f7514d1',2.5,0,'2022-06-08 15:07:54.354',0,0.16);
INSERT INTO Ajustes VALUES('979c90c1-a47a-46a1-867d-7cfa3f7e5628',7,0,'2022-06-08 15:08:21.548',0,0.16);
INSERT INTO Ajustes VALUES('50b76b4e-2996-40d1-ad67-6f3690c3b9de',3,0,'2022-06-09 15:10:17.097',0,0.16);
INSERT INTO Ajustes VALUES('1f10b10a-1852-4229-97c8-e42ed4bb1fb0',19,0,'2022-06-09 15:11:19.741',0,0.16);
INSERT INTO Ajustes VALUES('3df36d45-8a38-438e-9e94-4ebc42be9cbe',5,0,'2022-06-09 15:11:47.709',0,0.16);
INSERT INTO Ajustes VALUES('1ad5611b-ea36-4591-8d49-6f960cfc7623',6,0,'2022-06-13 15:12:23.150',0,0.16);
INSERT INTO Ajustes VALUES('242ada05-759c-459b-a319-0e58941fbb5e',12,0,'2022-06-13 15:18:20.517',0,0.16);
INSERT INTO Ajustes VALUES('4628e34d-fbc2-4d75-b239-61fb826a29ba',20,0,'2022-06-13 15:19:12.963',0,0.16);
INSERT INTO Ajustes VALUES('bd0562d0-eba6-494c-b0a5-42b68e91f1a8',10,0,'2022-06-13 15:33:17.531',0,0.16);
INSERT INTO Ajustes VALUES('2dacf8be-9791-49bd-95a4-40f05776079b',25,0,'2022-06-13 15:34:12.791',0,0.16);
INSERT INTO Ajustes VALUES('99502e96-2050-45b2-ba21-752a52b1bc20',76,0,'2022-06-13 15:48:56.725',0,0.16);
INSERT INTO Ajustes VALUES('12c82bca-8753-4cb0-928f-e0a310d86c9e',23,0,'2022-06-14 15:50:49.634',0,0.16);
INSERT INTO Ajustes VALUES('197b442b-216c-4333-838a-2b11ac5b1a4f',15,0,'2022-06-14 16:26:01.246',0,0.16);
INSERT INTO Ajustes VALUES('03f24c6f-22d3-4105-ae6a-fc6854084a79',30,0,'2022-06-14 16:27:02.610',0,0.16);
INSERT INTO Ajustes VALUES('f4206330-0588-4e9b-91ef-6dfbd33c3cbc',26,0,'2022-06-14 16:29:00.857',0,0.16);
INSERT INTO Ajustes VALUES('e8e9b309-9457-4a42-8a08-8d6c70e400e8',15,0,'2022-06-14 08:57:00.000',0,0.16);
INSERT INTO Ajustes VALUES('efaf9739-34e7-447f-9eb8-62863b87992b',20,7,'2022-07-01 09:13:00.000',0,0.16);
INSERT INTO Ajustes VALUES('4a2ad86e-9a5d-4f1d-b5d0-73b61313ca02',12,0,'2022-06-14 09:18:00.000',0,0.16);
INSERT INTO Ajustes VALUES('26093647-9b31-4e5d-b4ca-9fd48c5916eb',10,0,'2022-06-14 09:20:00.000',0,0.16);
INSERT INTO Ajustes VALUES('552124c6-044f-45b8-9419-1b3b879c4da9',22,0,'2022-06-14 09:21:00.000',0,0.16);
INSERT INTO Ajustes VALUES('b0bcd8c2-8c83-436e-8555-2e5c2501bad1',18,0,'2022-06-15 09:24:00.000',0,0.16);
INSERT INTO Ajustes VALUES('673285c0-7bb5-45c4-8109-0f10a2d6d22a',22,0,'2022-06-15 09:25:00.000',0,0.16);
INSERT INTO Ajustes VALUES('9b3930e4-1f49-46d8-a084-99054ddcee59',12,0,'2022-06-15 09:26:00.000',0,0.16);
INSERT INTO Ajustes VALUES('c2f145e2-b78f-4c47-8580-9d1aa7f4a224',4,0,'2022-06-15 09:27:00.000',0,0.16);
INSERT INTO Ajustes VALUES('551e590d-3131-45f8-a5e3-6a44c47ab293',52,0,'2022-06-15 09:28:00.000',0,0.16);
INSERT INTO Ajustes VALUES('976781ef-2f9a-459c-81c4-42f2989adf44',20,0,'2022-06-16 09:29:00.000',0,0.16);
INSERT INTO Ajustes VALUES('6a3a1a8d-284d-4bdf-8cda-4d60603dde7b',24,0,'2022-06-16 10:26:00.000',0,0.16);
INSERT INTO Ajustes VALUES('a32e8f20-0ba8-410f-88eb-c94c3e6a922a',12,0,'2022-06-16 10:29:00.000',0,0.16);
INSERT INTO Ajustes VALUES('093d380a-e1c8-4832-9983-9a4938fec14f',6,0,'2022-06-16 10:33:00.000',0,0.16);
INSERT INTO Ajustes VALUES('1973dab1-91b3-475f-a452-850b1a005014',8,0,'2022-06-16 10:34:00.000',0,0.16);
INSERT INTO Ajustes VALUES('69932fb6-3555-448b-a647-2164b2308cfb',2,0,'2022-06-17 10:35:00.000',0,0.16);
INSERT INTO Ajustes VALUES('2c55839d-ecd1-4df6-8d7c-3d7003b8ef64',15,0,'2022-06-17 10:36:00.000',0,0.16);
INSERT INTO Ajustes VALUES('d5e420ed-a6cc-4f79-a1a2-8e96f5a96643',8,0,'2022-06-17 10:37:00.000',0,0.16);
INSERT INTO Ajustes VALUES('82d194f1-f6d8-401e-bee4-0d06c0c8aa83',12,0,'2022-06-17 10:38:00.000',0,0.16);
INSERT INTO Ajustes VALUES('554629da-fa08-4eff-b762-dd57ae1c027a',2,0,'2022-06-20 10:40:00.000',0,0.16);
INSERT INTO Ajustes VALUES('3fdc304b-68b0-44f5-9513-7d918cea14e2',8,0,'2022-06-20 10:42:00.000',0,0.16);
INSERT INTO Ajustes VALUES('4edcc851-65a6-4675-9c8f-3a99200e4d2b',25,0,'2022-06-20 10:43:00.000',0,0.16);
INSERT INTO Ajustes VALUES('dcee622d-5d19-4f7e-9f06-f16b63b30ae8',5,0,'2022-06-20 10:44:00.000',0,0.16);
INSERT INTO Ajustes VALUES('c146b5a6-2187-4a72-921e-781a5184c28c',15,0,'2022-06-20 10:45:00.000',0,0.16);
INSERT INTO Ajustes VALUES('42db98d3-3b80-4f8b-802b-7898d687aa26',26,0,'2022-06-20 10:46:00.000',0,0.16);
INSERT INTO Ajustes VALUES('0fa1df9f-acd3-4c52-851a-550fb59d1847',15,0,'2022-06-20 10:48:00.000',0,0.16);
INSERT INTO Ajustes VALUES('393648d8-7c70-4a2a-b99d-fbf94d7b19f7',24,0,'2022-06-20 10:49:00.000',0,0.16);
INSERT INTO Ajustes VALUES('13a6089c-64db-4973-bd40-9cf8162f0719',15,0,'2022-06-20 10:50:00.000',0,0.16);
INSERT INTO Ajustes VALUES('0c0eeec6-2ec8-4740-bc54-797114598953',2,0,'2022-06-21 10:53:00.000',0,0.16);
INSERT INTO Ajustes VALUES('1144c0ae-3b02-465a-9d3d-4126e92dc1cf',6,0,'2022-06-21 10:54:00.000',0,0.16);
INSERT INTO Ajustes VALUES('2fbded62-b480-4d6d-9f3b-835053b08f5f',2.5,0,'2022-06-21 10:56:00.000',0,0.16);
INSERT INTO Ajustes VALUES('8427b097-c948-420a-aa8e-c1829b8d12f6',25,0,'2022-06-21 10:57:00.000',0,0.16);
INSERT INTO Ajustes VALUES('3296dfdd-c180-4224-acae-81dc102a8911',9,0,'2022-06-21 10:58:00.000',0,0.16);
INSERT INTO Ajustes VALUES('ef22df6f-f9ba-46ad-a37b-7f6fb17e044c',12,0,'2022-06-21 10:59:00.000',0,0.16);
INSERT INTO Ajustes VALUES('85015531-f0b4-468c-bfd8-bd6fa0ea1319',26,0,'2022-06-22 11:00:00.000',0,0.16);
INSERT INTO Ajustes VALUES('9f8173f9-41e6-467a-86f3-584910a48654',50,15,'2022-07-01 11:08:00.000',0,0.16);
INSERT INTO Ajustes VALUES('7fe7c932-4daf-43db-af2a-0d4f9c56d0d4',7,0,'2022-06-22 11:12:00.000',0,0.16);
INSERT INTO Ajustes VALUES('95238097-45f5-460a-82a4-0695422d81a8',4,0,'2022-06-22 11:15:00.000',0,0.16);
INSERT INTO Ajustes VALUES('f57dc4fc-a823-4d00-86f2-4f9dd38f5787',7,0,'2022-06-22 11:16:00.000',0,0.16);
INSERT INTO Ajustes VALUES('5993cce6-d028-41da-b4ba-b6d48a4d3dd6',7,0,'2022-06-22 11:17:00.000',0,0.16);
INSERT INTO Ajustes VALUES('27b05e37-3df2-4286-b563-4420dd8a9c5d',13,0,'2022-07-01 11:18:00.000',0,0.16);
INSERT INTO Ajustes VALUES('557a22e7-cebd-4cd1-9f40-f3d7d6edabcc',26,0,'2022-06-22 11:18:00.000',0,0.16);
INSERT INTO Ajustes VALUES('2a86f5ae-d367-42cc-a0fb-62a75ec6a284',13,0,'2022-06-22 11:19:00.000',0,0.16);
INSERT INTO Ajustes VALUES('f8be2510-9ad4-45ef-bac7-0ea2fa5ca5f5',10,0,'2022-06-22 11:21:00.000',0,0.16);
INSERT INTO Ajustes VALUES('6db7815e-ff12-4e58-ad18-b25c090c73a3',6,0,'2022-06-22 11:22:00.000',0,0.16);
INSERT INTO Ajustes VALUES('24249097-4591-4702-8500-5838774b5ccf',7,0,'2022-06-22 11:23:00.000',0,0.16);
INSERT INTO Ajustes VALUES('77d38d70-3c23-4809-ae04-eceaef0cb060',20,0,'2022-06-22 11:26:00.000',0,0.16);
INSERT INTO Ajustes VALUES('31caaf7e-4b49-4590-8ad6-7e6b2600ed6d',13,0,'2022-06-22 11:29:00.000',0,0.16);
INSERT INTO Ajustes VALUES('818820b0-3011-4969-b744-8a697f584ec2',16,0,'2022-06-22 11:30:00.000',0,0.16);
INSERT INTO Ajustes VALUES('37f8dfa1-85b9-41fe-b84e-860c2c2e9f40',10,0,'2022-06-22 11:46:00.000',0,0.16);
INSERT INTO Ajustes VALUES('63d3baad-e31f-486f-89b7-010cbf5bd6dc',16,0,'2022-06-22 11:47:00.000',0,0.16);
INSERT INTO Ajustes VALUES('ea4fb230-2f0e-4e7e-9621-52979a8c4360',68,0,'2022-06-22 11:48:00.000',0,0.16);
INSERT INTO Ajustes VALUES('1db94dea-b477-4cc7-b49e-1ecf74a0804d',52,0,'2022-06-23 11:51:00.000',0,0.16);
INSERT INTO Ajustes VALUES('99c0c9bb-c384-4782-bbd8-ae2be8e55bf5',10,0,'2022-06-23 11:52:00.000',0,0.16);
INSERT INTO Ajustes VALUES('995e71a5-af2d-4f2d-a6fd-af49277e5eb0',6,0,'2022-06-23 12:02:00.000',0,0.16);
INSERT INTO Ajustes VALUES('9d257145-fce5-41c8-a960-f0d7a643f773',13,0,'2022-06-23 12:03:00.000',0,0.16);
INSERT INTO Ajustes VALUES('a5bb826c-5fcc-4ac3-93a2-eac1836bdf5c',26,0,'2022-06-23 12:03:00.000',0,0.16);
INSERT INTO Ajustes VALUES('684ed601-63db-40d2-8f4e-00636cceaf9d',12,0,'2022-06-23 12:04:00.000',0,0.16);
INSERT INTO Ajustes VALUES('c64dece4-6033-4e01-9534-d3b18cda0296',12,0,'2022-06-23 12:34:00.000',0,0.16);
INSERT INTO Ajustes VALUES('2807eab0-0b5b-4fa3-8983-2bc8de5e392e',5,0,'2022-06-23 12:36:00.000',0,0.16);
INSERT INTO Ajustes VALUES('b1345eab-9a3b-4e12-9869-215cf4ae5708',13,0,'2022-06-24 12:38:00.000',0,0.16);
INSERT INTO Ajustes VALUES('d438e610-f467-46de-8961-48dbc71fd69c',6,0,'2022-06-27 12:39:00.000',0,0.16);
INSERT INTO Ajustes VALUES('435125de-8c7d-42c3-9d46-6921b0165acd',10,0,'2022-06-24 13:37:00.000',0,0.16);
INSERT INTO Ajustes VALUES('adaf765d-bc23-449c-8965-bb8461ba7ee6',20,5,'2022-07-01 13:43:00.000',0,0.16);
INSERT INTO Ajustes VALUES('307ee673-1c7e-4339-86f2-19290474a5da',22,0,'2022-06-24 13:45:00.000',0,0.16);
INSERT INTO Ajustes VALUES('98b297e9-e85e-4555-b15c-eb02777bb6f0',13,0,'2022-06-24 13:45:00.000',0,0.16);
INSERT INTO Ajustes VALUES('41d44b50-4422-4833-b6e6-50252020fd53',23,0,'2022-06-24 13:46:00.000',0,0.16);
INSERT INTO Ajustes VALUES('4b9bfc4e-444c-4510-af9f-aeb2fecad979',26,0,'2022-06-24 13:47:00.000',0,0.16);
INSERT INTO Ajustes VALUES('b5fba39b-edea-46fe-9f44-3a4717bfb5a8',13,0,'2022-06-24 13:48:00.000',0,0.16);
INSERT INTO Ajustes VALUES('8445be77-8a0e-4f9e-8154-5f6d85d467a6',6,0,'2022-07-01 13:49:00.000',0,0.16);
INSERT INTO Ajustes VALUES('4bde4a08-451e-4e7a-bf92-b9560be6d213',7,0,'2022-06-27 13:50:00.000',0,0.16);
INSERT INTO Ajustes VALUES('a3261e87-2d06-4927-9f58-565f796aa8ec',35,0,'2022-06-27 13:51:00.000',0,0.16);
INSERT INTO Ajustes VALUES('9c288263-e33b-4423-a8fe-951087cc58b6',6,0,'2022-06-28 13:51:00.000',0,0.16);
INSERT INTO Ajustes VALUES('6d590f62-96d8-4844-8271-0b5c925d66a7',2,0,'2022-06-28 13:53:00.000',0,0.16);
INSERT INTO Ajustes VALUES('689c9fff-d852-4921-9035-bb9bea693f8d',15,0,'2022-06-28 13:54:00.000',0,0.16);
INSERT INTO Ajustes VALUES('dbbb1c4b-1605-4c40-9795-b2c21fdb1f31',26,0,'2022-06-29 13:55:00.000',0,0.16);
INSERT INTO Ajustes VALUES('f2625bc6-8e78-4056-bcf3-a0bb7a6153f3',13,0,'2022-06-30 14:00:00.000',0,0.16);
INSERT INTO Ajustes VALUES('d71ae775-895a-4cf5-a7c1-276f4b9bfb56',17,0,'2022-06-30 14:02:00.000',0,0.16);
INSERT INTO Ajustes VALUES('a843eb95-747f-41f7-b5b5-15ae5891ef9c',13,0,'2022-06-13 15:02:00.000',0,0.16);
INSERT INTO Ajustes VALUES('1869366a-887b-4e79-af24-72b374778d1f',26,0,'2022-06-14 15:03:00.000',0,0.16);
INSERT INTO Ajustes VALUES('8bfc7afa-cee1-400e-bac3-fb6a090ddc2a',20,14,'2022-07-04 14:37:00.000',0,0.16);
INSERT INTO Ajustes VALUES('37743aea-104a-46c1-accb-0b445668ebe8',5,4,'2022-07-05 09:19:00.000',0,0.16);
INSERT INTO Ajustes VALUES('1f8a6726-9eb0-4c6f-8d01-8a3b48f1657c',13,0,'2022-07-05 11:48:00.000',0,0.16);
INSERT INTO Ajustes VALUES('5abc224b-cff3-4315-85a6-4c0e2a254c3d',100,30,'2022-07-05 12:35:00.000',0,0.16);
INSERT INTO Ajustes VALUES('05df1945-11c0-465f-bfd5-b76d73277d3c',10,2,'2022-07-06 11:41:00.000',0,0.16);
INSERT INTO Ajustes VALUES('454dd37a-d8d9-4b8f-87df-8e07c6ce54b8',10,0,'2022-07-06 11:54:00.000',0,0.16);
INSERT INTO Ajustes VALUES('796d2043-ec74-471e-badb-3b7c74ff8864',7,1,'2022-07-06 12:23:00.000',0,0.16);
INSERT INTO Ajustes VALUES('d11a654f-3b84-48be-84e4-edf797acddd5',20,12,'2022-07-06 13:25:00.000',0,0.16);
INSERT INTO Ajustes VALUES('ec37035b-82c1-42d9-8f24-da39063c0cc9',2,0,'2022-07-06 13:29:00.000',0,0.16);
INSERT INTO Ajustes VALUES('4ce68ce7-763b-4d2e-bc41-a08e4d309728',15,0,'2022-07-07 09:36:00.000',0,0.16);
INSERT INTO Ajustes VALUES('da84252c-f557-43a4-a82e-b8baa6f7e97d',3,0,'2022-07-07 11:21:00.000',0,0.16);
INSERT INTO Ajustes VALUES('b6249970-47ab-4b15-a824-d6e4785b2618',66,0,'2022-07-07 12:03:00.000',0,0.16);
INSERT INTO Ajustes VALUES('5ba7210f-f358-46f1-9d83-5b3c0dbd9072',50,45,'2022-07-08 10:05:00.000',0,0.16);
INSERT INTO Ajustes VALUES('6d2f9813-1867-4b32-98c4-62b19517ab8c',20,2,'2022-07-08 11:07:00.000',0,0.16);
INSERT INTO Ajustes VALUES('c9e91fdf-fa68-427d-b079-bd6f6c8b1dbb',25,0,'2022-07-08 13:22:00.000',0,0.16);
INSERT INTO Ajustes VALUES('2dc51eb3-d9ce-4d94-b8f4-57d1cc52fd02',52,11,'2022-07-11 09:31:00.000',0,0.16);
INSERT INTO Ajustes VALUES('d9939486-114f-436b-b703-522d60884487',62,0.5,'2022-07-11 10:42:00.000',0,0.16);
INSERT INTO Ajustes VALUES('f4e29cbe-4ec0-42a8-b42e-3539bcdc1905',15,3,'2022-07-11 12:01:00.000',0,0.16);
INSERT INTO Ajustes VALUES('2f56e482-cde4-46eb-8e7c-0979f3fc5639',13,0,'2022-07-11 12:06:00.000',0,0.16);
INSERT INTO Ajustes VALUES('50f71824-73a7-44da-8b4d-ce99095da89c',30,0,'2022-07-11 12:15:00.000',0,0.16);
INSERT INTO Ajustes VALUES('a73e3f43-5879-46fd-80aa-366c7dcdbcfb',11,0.5,'2022-07-11 14:45:00.000',0,0.16);
INSERT INTO Ajustes VALUES('50a7de5c-2fe4-4ea3-94aa-dc16308e035b',8,0,'2022-07-12 11:08:00.000',0,0.16);
INSERT INTO Ajustes VALUES('a1c5b3b6-e016-4514-a541-d0254dbb36e3',13,0,'2022-07-12 11:41:00.000',0,0.16);
INSERT INTO Ajustes VALUES('ed4eb1cd-0aa3-47f9-9861-55fa1e6d7cc9',5,0,'2022-07-12 12:00:00.000',0,0.16);
INSERT INTO Ajustes VALUES('c2e9a224-01fa-4fad-829e-f8b630ad6e79',60,14,'2022-07-12 12:26:00.000',0,0.16);
INSERT INTO Ajustes VALUES('7dfc6924-6497-4305-ac41-1835b470dd7c',2,0,'2022-07-12 15:38:00.000',0,0.16);
INSERT INTO Ajustes VALUES('dbc7502a-b04b-4542-9f6e-abb62b7165a3',5,2,'2022-07-13 07:59:00.000',0,0.16);
INSERT INTO Ajustes VALUES('cc4e1f42-3b44-4d62-a0b1-3a05670a2adc',1,0,'2022-07-13 12:48:00.000',0,0.16);
INSERT INTO Ajustes VALUES('14392b34-eb44-4b43-9f55-865727976f37',27,0,'2022-07-13 13:40:00.000',0,0.16);
INSERT INTO Ajustes VALUES('3d1050da-9df9-47a4-84a9-deb95f90721b',5,3,'2022-07-13 14:19:00.000',0,0.16);
INSERT INTO Ajustes VALUES('72e684d3-7cae-44fd-9aa2-f42372ce6cdf',20,5,'2022-07-13 15:18:00.000',0,0.16);
INSERT INTO AjustesProductos (Id,ProductoId,AjusteId,Cantidad,PrecioUnitarioVenta) VALUES('2f150853-0555-4937-84cc-5f6eda8b26c0','6608218b-e22a-4075-8bb8-b2adf490b3ac','d2e0ecbd-481d-4c15-8e2e-d21344fb9d8e',5,0);
INSERT INTO AjustesProductos (Id,ProductoId,AjusteId,Cantidad,PrecioUnitarioVenta) VALUES('260534bf-7454-49f5-bef6-0baee4237ea7','c19390ef-7795-44f9-b804-0c0c5ed311b8','5bf4b4df-7df3-4676-902e-e77b6a1fe583',1,0);
INSERT INTO AjustesProductos (Id,ProductoId,AjusteId,Cantidad,PrecioUnitarioVenta) VALUES('6f6e9e6f-a288-4ca0-8905-a0ce5aec854c','2f92aef2-aa52-41e3-8abe-38777540639f','84d5ebb4-0e9a-42eb-9bc1-56553eaf0f80',1,0);
INSERT INTO AjustesProductos (Id,ProductoId,AjusteId,Cantidad,PrecioUnitarioVenta) VALUES('f1b4848a-497e-445c-9bc0-cc2f901df43b','c9a4e01c-35a7-4bd0-b8e8-4a9c34583f50','c0aa0d36-ccef-47aa-8ec0-2f65b0551e01',2,0);
INSERT INTO AjustesProductos (Id,ProductoId,AjusteId,Cantidad,PrecioUnitarioVenta) VALUES('34ee1fae-ee89-4e68-806e-e3285d04d184','e0ec06ec-38e1-4623-b833-b47fe673dfe9','667ff281-875c-429e-9ac2-e840433f3d8d',1,0);
INSERT INTO AjustesProductos (Id,ProductoId,AjusteId,Cantidad,PrecioUnitarioVenta) VALUES('111e8979-2cb6-46bc-a531-2fd757b39ed0','c9a4e01c-35a7-4bd0-b8e8-4a9c34583f50','b509c734-4ff7-48a0-ba63-515b5e871317',1,0);
INSERT INTO AjustesProductos (Id,ProductoId,AjusteId,Cantidad,PrecioUnitarioVenta) VALUES('c05c251f-83a0-4887-a5c1-3262b87bbae4','f0d0fe74-0dab-4e25-9650-af5418354ee4','fe1434ab-e059-468b-ac9e-01bf885d4a1e',3,0);
INSERT INTO AjustesProductos (Id,ProductoId,AjusteId,Cantidad,PrecioUnitarioVenta) VALUES('94feb184-6058-4264-8ac5-c24fbcd35fa4','ad000120-0cc7-406b-8a96-ec47f18d0f69','56b115a9-2949-41ae-9e20-1e7ad4b5ee3e',1,0);
INSERT INTO AjustesProductos (Id,ProductoId,AjusteId,Cantidad,PrecioUnitarioVenta) VALUES('34da463d-eff8-4ae0-bbc3-044c82730912','f0d0fe74-0dab-4e25-9650-af5418354ee4','222b0288-60cf-47ce-b54a-c4551b0a9308',2,0);
INSERT INTO AjustesProductos (Id,ProductoId,AjusteId,Cantidad,PrecioUnitarioVenta) VALUES('58fc173d-1b41-47a6-8f5d-c9b1489049af','f0d0fe74-0dab-4e25-9650-af5418354ee4','32a5a0fa-f36a-4166-9b11-63859f41138b',26,0);
INSERT INTO AjustesProductos (Id,ProductoId,AjusteId,Cantidad,PrecioUnitarioVenta) VALUES('25678e06-c5a5-4d5e-a787-2b7a625ad121','f0d0fe74-0dab-4e25-9650-af5418354ee4','5dfb4ed6-8ca5-4d70-9664-692826dc91bf',1,0);
INSERT INTO AjustesProductos (Id,ProductoId,AjusteId,Cantidad,PrecioUnitarioVenta) VALUES('b3833dc7-340c-4c6c-8c28-f5a1ac3fe7c1','f0d0fe74-0dab-4e25-9650-af5418354ee4','df51d380-8432-4893-83e3-cd1d2c457057',1,0);
INSERT INTO AjustesProductos (Id,ProductoId,AjusteId,Cantidad,PrecioUnitarioVenta) VALUES('3334e5ae-6865-4f62-9a9d-455526dc497d','f0d0fe74-0dab-4e25-9650-af5418354ee4','5e099b23-b398-4b80-863b-8396a3052164',3,0);
INSERT INTO AjustesProductos (Id,ProductoId,AjusteId,Cantidad,PrecioUnitarioVenta) VALUES('ab3d38d8-d818-43c4-9950-0948fd70b0e2','dbff042b-1c5b-4328-82d5-d22b992fc095','195aae02-744e-45b9-9d1c-070e675cd573',1,0);
INSERT INTO AjustesProductos (Id,ProductoId,AjusteId,Cantidad,PrecioUnitarioVenta) VALUES('8d3a8549-591b-43b3-a96d-5b592cbbee58','dc202adb-9793-46f8-9b4b-227e2376f4c5','195aae02-744e-45b9-9d1c-070e675cd573',1,0);
INSERT INTO AjustesProductos (Id,ProductoId,AjusteId,Cantidad,PrecioUnitarioVenta) VALUES('d22670ef-036d-4176-ae9b-e6f3d9bc225e','350dd557-0dd0-4b6c-bc39-cdb14bb8e2cc','195aae02-744e-45b9-9d1c-070e675cd573',1,0);
INSERT INTO AjustesProductos (Id,ProductoId,AjusteId,Cantidad,PrecioUnitarioVenta) VALUES('46a3bd99-b3ea-4494-8bac-406e49d30f13','2162a7ba-32b0-4552-b1c0-2ce026bd4d02','55ffe455-f38a-4578-b6fe-a97f83e76bd6',1,0);
INSERT INTO AjustesProductos (Id,ProductoId,AjusteId,Cantidad,PrecioUnitarioVenta) VALUES('4f60e63d-7639-4dcf-8eec-9001524022ae','faf25a8b-f62b-4030-b462-ddf99a70cadb','e1e8d129-7c8c-4981-941a-30a9e4bbfe49',1,0);
INSERT INTO AjustesProductos (Id,ProductoId,AjusteId,Cantidad,PrecioUnitarioVenta) VALUES('53f4e69d-ac37-498c-a2d3-acfbc9e47358','0131c739-bd61-4ba1-a341-6b42598a58c3','2cc658e8-1ba0-4284-bb62-1136444b6fe7',1,0);
INSERT INTO AjustesProductos (Id,ProductoId,AjusteId,Cantidad,PrecioUnitarioVenta) VALUES('b2f43cf6-e5c9-4417-ac7b-563d180f57da','bf294675-135a-473f-af0f-73acc3616920','03775027-8189-4e69-ba76-e153db5d9fd2',1,0);
INSERT INTO AjustesProductos (Id,ProductoId,AjusteId,Cantidad,PrecioUnitarioVenta) VALUES('d903831d-a0e8-4474-876f-9949ffefcf64','4ce17f59-3d41-491b-909a-d2004537a2d4','39b3d974-7435-4719-b989-fb50a7f58e93',1,0);
INSERT INTO AjustesProductos (Id,ProductoId,AjusteId,Cantidad,PrecioUnitarioVenta) VALUES('29054658-599f-428d-8194-86ae92b2b61f','46e3b42d-8c1f-42c0-96a8-d61a307b2282','0116056b-f1e8-46ee-8265-a720637528dc',1,0);
INSERT INTO AjustesProductos (Id,ProductoId,AjusteId,Cantidad,PrecioUnitarioVenta) VALUES('8c4e4f30-a700-4ba0-9a59-29e599bd1220','bde7473b-c28b-444c-bf39-ba847051836f','eb5a23db-39ae-489b-8d8b-4b478bbe284a',1,0);
INSERT INTO AjustesProductos (Id,ProductoId,AjusteId,Cantidad,PrecioUnitarioVenta) VALUES('5052eda9-c044-41f8-af4a-0e0aed278c92','dbff042b-1c5b-4328-82d5-d22b992fc095','22479770-d1a7-4b91-b63c-545afe5be6f5',1,0);
INSERT INTO AjustesProductos (Id,ProductoId,AjusteId,Cantidad,PrecioUnitarioVenta) VALUES('6bf4a154-12b7-4ad1-83f6-8c06e4c7f5ec','dc202adb-9793-46f8-9b4b-227e2376f4c5','22479770-d1a7-4b91-b63c-545afe5be6f5',1,0);
INSERT INTO AjustesProductos (Id,ProductoId,AjusteId,Cantidad,PrecioUnitarioVenta) VALUES('62ffa881-07d3-4c10-afb2-32d8bdea9e38','350dd557-0dd0-4b6c-bc39-cdb14bb8e2cc','22479770-d1a7-4b91-b63c-545afe5be6f5',1,0);
INSERT INTO AjustesProductos (Id,ProductoId,AjusteId,Cantidad,PrecioUnitarioVenta) VALUES('da81bc04-f62b-4c06-ad1e-d15ce2332c19','bde7473b-c28b-444c-bf39-ba847051836f','f7058926-3a28-4db4-867f-1c8c392b4146',1,0);
INSERT INTO AjustesProductos (Id,ProductoId,AjusteId,Cantidad,PrecioUnitarioVenta) VALUES('ccdcf136-91a8-48d9-8d76-5d02ab9821cc','f0d0fe74-0dab-4e25-9650-af5418354ee4','a1ae256b-ff6e-47f5-971c-491db2cc0162',1,0);
INSERT INTO AjustesProductos (Id,ProductoId,AjusteId,Cantidad,PrecioUnitarioVenta) VALUES('a957c496-c2e9-4e49-883a-0ef1551462bb','0131c739-bd61-4ba1-a341-6b42598a58c3','37b5e480-e8c6-4897-8f2a-bde4cf360f25',1,0);
INSERT INTO AjustesProductos (Id,ProductoId,AjusteId,Cantidad,PrecioUnitarioVenta) VALUES('eeee070f-366c-416e-9e74-5c1e5d3b8854','d9940643-5d36-4711-9a41-7b4e6954f32e','443c1401-af4f-4384-8a07-3fdaac68badd',1,0);
INSERT INTO AjustesProductos (Id,ProductoId,AjusteId,Cantidad,PrecioUnitarioVenta) VALUES('5c26d773-a2a4-4214-aa1f-ec1918222ac4','89fe459b-ef13-48b2-83b2-311dddb7ffc5','e7da09c5-e1be-4820-a428-253d525265f1',1,0);
INSERT INTO AjustesProductos (Id,ProductoId,AjusteId,Cantidad,PrecioUnitarioVenta) VALUES('c6ac5aa4-0db5-4282-b322-7d2e933ff413','4ce17f59-3d41-491b-909a-d2004537a2d4','3b4afa73-f96d-4338-845f-e02f467be996',2,0);
INSERT INTO AjustesProductos (Id,ProductoId,AjusteId,Cantidad,PrecioUnitarioVenta) VALUES('cee795ab-5faf-41af-a224-51f84f4412bb','c0eb4afb-05bc-4504-a548-f87672a5e3bd','ec8c321e-7f04-49e6-8a13-8cd8f5bc6765',1,0);
INSERT INTO AjustesProductos (Id,ProductoId,AjusteId,Cantidad,PrecioUnitarioVenta) VALUES('131848b6-d8ed-4d7a-b603-1822a7780447','2f92aef2-aa52-41e3-8abe-38777540639f','15e5c9ba-f3c6-4e7a-8db6-44127f7514d1',1,0);
INSERT INTO AjustesProductos (Id,ProductoId,AjusteId,Cantidad,PrecioUnitarioVenta) VALUES('b4b2b165-5a8a-427e-b06e-9df56f067447','bde7473b-c28b-444c-bf39-ba847051836f','979c90c1-a47a-46a1-867d-7cfa3f7e5628',1,0);
INSERT INTO AjustesProductos (Id,ProductoId,AjusteId,Cantidad,PrecioUnitarioVenta) VALUES('00a2a3d3-4fd2-4268-8800-d2d8bdbc1ac3','f0d0fe74-0dab-4e25-9650-af5418354ee4','50b76b4e-2996-40d1-ad67-6f3690c3b9de',3,0);
INSERT INTO AjustesProductos (Id,ProductoId,AjusteId,Cantidad,PrecioUnitarioVenta) VALUES('766d90ef-b7b8-4b41-8fe9-96d0619b41ed','57c4c975-ffc1-4c1e-a294-4dad0a9b70ad','1f10b10a-1852-4229-97c8-e42ed4bb1fb0',1,0);
INSERT INTO AjustesProductos (Id,ProductoId,AjusteId,Cantidad,PrecioUnitarioVenta) VALUES('b8c99d80-1977-4c9e-ab5e-a616d4f659c8','dbff042b-1c5b-4328-82d5-d22b992fc095','3df36d45-8a38-438e-9e94-4ebc42be9cbe',1,0);
INSERT INTO AjustesProductos (Id,ProductoId,AjusteId,Cantidad,PrecioUnitarioVenta) VALUES('79e5a62c-b56e-4531-a8c1-1ead3099f3f5','c19390ef-7795-44f9-b804-0c0c5ed311b8','1ad5611b-ea36-4591-8d49-6f960cfc7623',1,0);
INSERT INTO AjustesProductos (Id,ProductoId,AjusteId,Cantidad,PrecioUnitarioVenta) VALUES('bc69c047-d35b-476c-84ee-bba1cd1c7da3','605632d1-6c84-4c44-9db0-9360d2d9453e','242ada05-759c-459b-a319-0e58941fbb5e',3,0);
INSERT INTO AjustesProductos (Id,ProductoId,AjusteId,Cantidad,PrecioUnitarioVenta) VALUES('bf41a491-9c2d-4767-bc2e-1b08c12d4d41','ad000120-0cc7-406b-8a96-ec47f18d0f69','4628e34d-fbc2-4d75-b239-61fb826a29ba',1,0);
INSERT INTO AjustesProductos (Id,ProductoId,AjusteId,Cantidad,PrecioUnitarioVenta) VALUES('c1496aef-30c0-428e-a5b8-be7459cda84d','1432c48e-8118-4931-b91a-8f3019efd1f7','bd0562d0-eba6-494c-b0a5-42b68e91f1a8',1,0);
INSERT INTO AjustesProductos (Id,ProductoId,AjusteId,Cantidad,PrecioUnitarioVenta) VALUES('a9e6af19-d45b-445a-ae79-f04c1d9bdfa0','8190e475-d1e5-458c-8b60-7ed31747465d','2dacf8be-9791-49bd-95a4-40f05776079b',1,0);
INSERT INTO AjustesProductos (Id,ProductoId,AjusteId,Cantidad,PrecioUnitarioVenta) VALUES('0061807c-8d5c-4f22-b47b-bfacabde1802','1be3ea96-2f38-4d5d-a400-8f20d1acef94','99502e96-2050-45b2-ba21-752a52b1bc20',2,0);
INSERT INTO AjustesProductos (Id,ProductoId,AjusteId,Cantidad,PrecioUnitarioVenta) VALUES('c73e45cb-ee26-48b0-9c81-d037f78b66f2','ea3e439c-350d-4d5f-8ee1-a9d4604e3430','99502e96-2050-45b2-ba21-752a52b1bc20',2,0);
INSERT INTO AjustesProductos (Id,ProductoId,AjusteId,Cantidad,PrecioUnitarioVenta) VALUES('8b006deb-f80e-4c1e-8cdf-0169ee77e4ac','a3a2da0f-7230-49fc-a49e-69577b8f749a','12c82bca-8753-4cb0-928f-e0a310d86c9e',1,0);
INSERT INTO AjustesProductos (Id,ProductoId,AjusteId,Cantidad,PrecioUnitarioVenta) VALUES('7b017987-105e-484b-ae4b-75de6a106620','28da8b57-dbca-416b-a0b5-d728659da148','197b442b-216c-4333-838a-2b11ac5b1a4f',1,0);
INSERT INTO AjustesProductos (Id,ProductoId,AjusteId,Cantidad,PrecioUnitarioVenta) VALUES('e84f79ec-298c-410f-8f3d-1c1f61ec5825','aa75a615-4021-490f-b222-b7c8199fe407','03f24c6f-22d3-4105-ae6a-fc6854084a79',1,0);
INSERT INTO AjustesProductos (Id,ProductoId,AjusteId,Cantidad,PrecioUnitarioVenta) VALUES('4bbc1b77-6e0a-4347-9467-2323aacf1e1e','ea3e439c-350d-4d5f-8ee1-a9d4604e3430','f4206330-0588-4e9b-91ef-6dfbd33c3cbc',2,0);
INSERT INTO AjustesProductos (Id,ProductoId,AjusteId,Cantidad,PrecioUnitarioVenta) VALUES('09536dad-b89e-4315-bce7-2a61d8044bf5','299330bd-9df8-4943-9d08-7e4bea8b4588','e8e9b309-9457-4a42-8a08-8d6c70e400e8',1,0);
INSERT INTO AjustesProductos (Id,ProductoId,AjusteId,Cantidad,PrecioUnitarioVenta) VALUES('274b5ca2-63e3-4e76-ad7e-bc38a602901e','dfb571f5-6fb4-45bd-8275-1a3485a70d0f','efaf9739-34e7-447f-9eb8-62863b87992b',1,0);
INSERT INTO AjustesProductos (Id,ProductoId,AjusteId,Cantidad,PrecioUnitarioVenta) VALUES('57f85f8d-6d86-45b5-8b32-c766fbf82c1a','48bd1420-88a4-4655-b80d-637c426c5b82','4a2ad86e-9a5d-4f1d-b5d0-73b61313ca02',1,0);
INSERT INTO AjustesProductos (Id,ProductoId,AjusteId,Cantidad,PrecioUnitarioVenta) VALUES('e08253fc-1519-489d-b077-50e61b65c0fc','1432c48e-8118-4931-b91a-8f3019efd1f7','26093647-9b31-4e5d-b4ca-9fd48c5916eb',1,0);
INSERT INTO AjustesProductos (Id,ProductoId,AjusteId,Cantidad,PrecioUnitarioVenta) VALUES('b96164e6-4ab7-40b3-8263-6918a259f4fe','f0d0fe74-0dab-4e25-9650-af5418354ee4','552124c6-044f-45b8-9419-1b3b879c4da9',14,0);
INSERT INTO AjustesProductos (Id,ProductoId,AjusteId,Cantidad,PrecioUnitarioVenta) VALUES('bb7ddd73-8479-48d9-81d7-5b4dabce45fd','573b3b1f-48bf-41d8-b1c6-4f5b67a228d8','552124c6-044f-45b8-9419-1b3b879c4da9',1,0);
INSERT INTO AjustesProductos (Id,ProductoId,AjusteId,Cantidad,PrecioUnitarioVenta) VALUES('1278dd40-52c8-48eb-98c4-dc7a15718ef5','3b2db0d9-1829-4903-8d99-86ad3c3e7b85','b0bcd8c2-8c83-436e-8555-2e5c2501bad1',1,0);
INSERT INTO AjustesProductos (Id,ProductoId,AjusteId,Cantidad,PrecioUnitarioVenta) VALUES('bf32087c-8700-4db4-a7d0-447ff772ad8c','2162a7ba-32b0-4552-b1c0-2ce026bd4d02','673285c0-7bb5-45c4-8109-0f10a2d6d22a',1,0);
INSERT INTO AjustesProductos (Id,ProductoId,AjusteId,Cantidad,PrecioUnitarioVenta) VALUES('f6df8c47-4e17-4e68-ad87-7a0ca319e1b3','48bd1420-88a4-4655-b80d-637c426c5b82','9b3930e4-1f49-46d8-a084-99054ddcee59',1,0);
INSERT INTO AjustesProductos (Id,ProductoId,AjusteId,Cantidad,PrecioUnitarioVenta) VALUES('dd0aef58-aaf3-4c02-a0eb-41e21181ec11','e0ec06ec-38e1-4623-b833-b47fe673dfe9','c2f145e2-b78f-4c47-8580-9d1aa7f4a224',1,0);
INSERT INTO AjustesProductos (Id,ProductoId,AjusteId,Cantidad,PrecioUnitarioVenta) VALUES('1714277e-d05e-4aa7-b2d5-5713951534d6','be98540c-4824-42ed-b832-52e1597f10c5','551e590d-3131-45f8-a5e3-6a44c47ab293',1,0);
INSERT INTO AjustesProductos (Id,ProductoId,AjusteId,Cantidad,PrecioUnitarioVenta) VALUES('280fd007-9952-4b3f-ae95-60230d60ebd1','ba30c4c7-3da7-4e4b-877f-815e57ec8337','976781ef-2f9a-459c-81c4-42f2989adf44',1,0);
INSERT INTO AjustesProductos (Id,ProductoId,AjusteId,Cantidad,PrecioUnitarioVenta) VALUES('4cd55e44-dc8c-4c65-a9ba-a75e642e6287','74ab4a54-47b2-4f19-8435-bff21e3ebd8f','6a3a1a8d-284d-4bdf-8cda-4d60603dde7b',1,0);
INSERT INTO AjustesProductos (Id,ProductoId,AjusteId,Cantidad,PrecioUnitarioVenta) VALUES('85caa507-5c32-4919-afaf-324a4a38deea','fba34212-9643-4ef7-a96a-900762f2fa9f','a32e8f20-0ba8-410f-88eb-c94c3e6a922a',1,0);
INSERT INTO AjustesProductos (Id,ProductoId,AjusteId,Cantidad,PrecioUnitarioVenta) VALUES('0535737f-9cae-4fd9-9e0e-f04e419cfaef','b120dad2-b00d-4ad3-918c-ba5906c44add','093d380a-e1c8-4832-9983-9a4938fec14f',3,0);
INSERT INTO AjustesProductos (Id,ProductoId,AjusteId,Cantidad,PrecioUnitarioVenta) VALUES('0fd0d0ce-f6c0-4f55-a1c3-732d0ee2a9d8','b120dad2-b00d-4ad3-918c-ba5906c44add','1973dab1-91b3-475f-a452-850b1a005014',4,0);
INSERT INTO AjustesProductos (Id,ProductoId,AjusteId,Cantidad,PrecioUnitarioVenta) VALUES('ae6d3dda-41c5-4127-b5b9-2409fcec4ca5','f0d0fe74-0dab-4e25-9650-af5418354ee4','69932fb6-3555-448b-a647-2164b2308cfb',2,0);
INSERT INTO AjustesProductos (Id,ProductoId,AjusteId,Cantidad,PrecioUnitarioVenta) VALUES('435408f8-df2d-4c16-aac1-4f6587a5e6ed','28da8b57-dbca-416b-a0b5-d728659da148','2c55839d-ecd1-4df6-8d7c-3d7003b8ef64',1,0);
INSERT INTO AjustesProductos (Id,ProductoId,AjusteId,Cantidad,PrecioUnitarioVenta) VALUES('2754b8e6-7cb9-49ba-a555-f8c6e10339fe','9cdefba1-0d39-4800-b7c1-6249a3deda4e','d5e420ed-a6cc-4f79-a1a2-8e96f5a96643',1,0);
INSERT INTO AjustesProductos (Id,ProductoId,AjusteId,Cantidad,PrecioUnitarioVenta) VALUES('b7c2a2f8-3ea8-4f96-9721-eafa34d7df42','0bc7cb69-eedf-424a-8e52-2330f935b0e8','82d194f1-f6d8-401e-bee4-0d06c0c8aa83',1,0);
INSERT INTO AjustesProductos (Id,ProductoId,AjusteId,Cantidad,PrecioUnitarioVenta) VALUES('3e0e284b-467b-4e29-8ada-846e0ea04f45','f0d0fe74-0dab-4e25-9650-af5418354ee4','554629da-fa08-4eff-b762-dd57ae1c027a',2,0);
INSERT INTO AjustesProductos (Id,ProductoId,AjusteId,Cantidad,PrecioUnitarioVenta) VALUES('6f064282-d4bf-4212-aa4c-d2f862fbf08d','573b3b1f-48bf-41d8-b1c6-4f5b67a228d8','3fdc304b-68b0-44f5-9513-7d918cea14e2',1,0);
INSERT INTO AjustesProductos (Id,ProductoId,AjusteId,Cantidad,PrecioUnitarioVenta) VALUES('efa2e5f6-2be3-4499-84fe-c0dbff78b103','c01d93cc-41b6-445e-a03c-7889fd9ce0ea','4edcc851-65a6-4675-9c8f-3a99200e4d2b',1,0);
INSERT INTO AjustesProductos (Id,ProductoId,AjusteId,Cantidad,PrecioUnitarioVenta) VALUES('3d3f62d4-949e-41d0-a581-23530c690c8b','2f92aef2-aa52-41e3-8abe-38777540639f','dcee622d-5d19-4f7e-9f06-f16b63b30ae8',2,0);
INSERT INTO AjustesProductos (Id,ProductoId,AjusteId,Cantidad,PrecioUnitarioVenta) VALUES('2440e7ed-14bb-4a7f-9512-ba2efdc7311b','299330bd-9df8-4943-9d08-7e4bea8b4588','c146b5a6-2187-4a72-921e-781a5184c28c',1,0);
INSERT INTO AjustesProductos (Id,ProductoId,AjusteId,Cantidad,PrecioUnitarioVenta) VALUES('2ee4f689-030d-4a47-bfa7-e11634baa9c6','ea3e439c-350d-4d5f-8ee1-a9d4604e3430','42db98d3-3b80-4f8b-802b-7898d687aa26',2,0);
INSERT INTO AjustesProductos (Id,ProductoId,AjusteId,Cantidad,PrecioUnitarioVenta) VALUES('d57a3ead-1f41-4734-ad80-ba1adfc19cb4','28da8b57-dbca-416b-a0b5-d728659da148','0fa1df9f-acd3-4c52-851a-550fb59d1847',1,0);
INSERT INTO AjustesProductos (Id,ProductoId,AjusteId,Cantidad,PrecioUnitarioVenta) VALUES('537300a6-8926-4ddc-badf-aad0c6764a7c','fa74986d-ca33-4c8d-8c7d-3a287d7fa0aa','393648d8-7c70-4a2a-b99d-fbf94d7b19f7',1,0);
INSERT INTO AjustesProductos (Id,ProductoId,AjusteId,Cantidad,PrecioUnitarioVenta) VALUES('9284009b-f653-4131-80cf-3db27b305860','fba34212-9643-4ef7-a96a-900762f2fa9f','393648d8-7c70-4a2a-b99d-fbf94d7b19f7',1,0);
INSERT INTO AjustesProductos (Id,ProductoId,AjusteId,Cantidad,PrecioUnitarioVenta) VALUES('31d55c29-8e31-4a22-bb1e-aaacc95891db','28da8b57-dbca-416b-a0b5-d728659da148','13a6089c-64db-4973-bd40-9cf8162f0719',1,0);
INSERT INTO AjustesProductos (Id,ProductoId,AjusteId,Cantidad,PrecioUnitarioVenta) VALUES('f2451cb0-177b-4c38-b0ca-ba820de20a48','f0d0fe74-0dab-4e25-9650-af5418354ee4','0c0eeec6-2ec8-4740-bc54-797114598953',2,0);
INSERT INTO AjustesProductos (Id,ProductoId,AjusteId,Cantidad,PrecioUnitarioVenta) VALUES('cab3c58a-52c0-4834-bf36-2334e87b84a2','4ce17f59-3d41-491b-909a-d2004537a2d4','1144c0ae-3b02-465a-9d3d-4126e92dc1cf',1,0);
INSERT INTO AjustesProductos (Id,ProductoId,AjusteId,Cantidad,PrecioUnitarioVenta) VALUES('6904ee31-6e9e-4a03-935c-ed3d2adb876c','2f92aef2-aa52-41e3-8abe-38777540639f','2fbded62-b480-4d6d-9f3b-835053b08f5f',1,0);
INSERT INTO AjustesProductos (Id,ProductoId,AjusteId,Cantidad,PrecioUnitarioVenta) VALUES('9cc3b5a3-df52-4628-b9f5-778f3eaffd79','b299faa8-9db9-4978-bc28-4eb9c51d0287','8427b097-c948-420a-aa8e-c1829b8d12f6',1,0);
INSERT INTO AjustesProductos (Id,ProductoId,AjusteId,Cantidad,PrecioUnitarioVenta) VALUES('330e9704-ddbd-4a26-a876-1dd8c4fd25c9','f0d0fe74-0dab-4e25-9650-af5418354ee4','3296dfdd-c180-4224-acae-81dc102a8911',9,0);
INSERT INTO AjustesProductos (Id,ProductoId,AjusteId,Cantidad,PrecioUnitarioVenta) VALUES('1716ee3f-95ad-4504-98cd-531ec6dca61c','b120dad2-b00d-4ad3-918c-ba5906c44add','ef22df6f-f9ba-46ad-a37b-7f6fb17e044c',6,0);
INSERT INTO AjustesProductos (Id,ProductoId,AjusteId,Cantidad,PrecioUnitarioVenta) VALUES('9f697630-f239-4377-a597-5d0ae325f240','dfb571f5-6fb4-45bd-8275-1a3485a70d0f','85015531-f0b4-468c-bfd8-bd6fa0ea1319',2,0);
INSERT INTO AjustesProductos (Id,ProductoId,AjusteId,Cantidad,PrecioUnitarioVenta) VALUES('938ac3ac-a36c-4ddf-969d-01108b6d6a47','1432c48e-8118-4931-b91a-8f3019efd1f7','9f8173f9-41e6-467a-86f3-584910a48654',2,0);
INSERT INTO AjustesProductos (Id,ProductoId,AjusteId,Cantidad,PrecioUnitarioVenta) VALUES('fa4fc038-3f9d-4c90-bc0f-fb23754dcf16','299330bd-9df8-4943-9d08-7e4bea8b4588','9f8173f9-41e6-467a-86f3-584910a48654',1,0);
INSERT INTO AjustesProductos (Id,ProductoId,AjusteId,Cantidad,PrecioUnitarioVenta) VALUES('225419e2-edc5-44c8-8179-f0006ea9702e','bde7473b-c28b-444c-bf39-ba847051836f','7fe7c932-4daf-43db-af2a-0d4f9c56d0d4',1,0);
INSERT INTO AjustesProductos (Id,ProductoId,AjusteId,Cantidad,PrecioUnitarioVenta) VALUES('141d2164-1ad4-4997-a38e-c667884118bd','e0ec06ec-38e1-4623-b833-b47fe673dfe9','95238097-45f5-460a-82a4-0695422d81a8',1,0);
INSERT INTO AjustesProductos (Id,ProductoId,AjusteId,Cantidad,PrecioUnitarioVenta) VALUES('66cc683f-d1b4-435b-8f44-57eb1182e434','bde7473b-c28b-444c-bf39-ba847051836f','f57dc4fc-a823-4d00-86f2-4f9dd38f5787',1,0);
INSERT INTO AjustesProductos (Id,ProductoId,AjusteId,Cantidad,PrecioUnitarioVenta) VALUES('a1ff474a-e0f2-4bb1-a4e8-462388e8c570','bde7473b-c28b-444c-bf39-ba847051836f','5993cce6-d028-41da-b4ba-b6d48a4d3dd6',1,0);
INSERT INTO AjustesProductos (Id,ProductoId,AjusteId,Cantidad,PrecioUnitarioVenta) VALUES('f65ded45-6076-4359-bf2b-7bc624aca50a','ea3e439c-350d-4d5f-8ee1-a9d4604e3430','27b05e37-3df2-4286-b563-4420dd8a9c5d',1,0);
INSERT INTO AjustesProductos (Id,ProductoId,AjusteId,Cantidad,PrecioUnitarioVenta) VALUES('c26425ec-8140-4d5b-9153-8e4814d12ca8','ea3e439c-350d-4d5f-8ee1-a9d4604e3430','557a22e7-cebd-4cd1-9f40-f3d7d6edabcc',2,0);
INSERT INTO AjustesProductos (Id,ProductoId,AjusteId,Cantidad,PrecioUnitarioVenta) VALUES('48fd71b4-1d39-4172-92a7-53c37b51109d','ef7380ec-5ae7-4c21-b5ad-e0f7f16063ef','2a86f5ae-d367-42cc-a0fb-62a75ec6a284',1,0);
INSERT INTO AjustesProductos (Id,ProductoId,AjusteId,Cantidad,PrecioUnitarioVenta) VALUES('7098d680-3ded-4fe6-bcd8-795b592d4172','1432c48e-8118-4931-b91a-8f3019efd1f7','f8be2510-9ad4-45ef-bac7-0ea2fa5ca5f5',1,0);
INSERT INTO AjustesProductos (Id,ProductoId,AjusteId,Cantidad,PrecioUnitarioVenta) VALUES('61023199-3f7b-46f4-a3f3-9f863a30d03f','c19390ef-7795-44f9-b804-0c0c5ed311b8','6db7815e-ff12-4e58-ad18-b25c090c73a3',1,0);
INSERT INTO AjustesProductos (Id,ProductoId,AjusteId,Cantidad,PrecioUnitarioVenta) VALUES('b6cb2f46-8522-48c6-8a5a-2a1bf3eea7f2','bde7473b-c28b-444c-bf39-ba847051836f','24249097-4591-4702-8500-5838774b5ccf',1,0);
INSERT INTO AjustesProductos (Id,ProductoId,AjusteId,Cantidad,PrecioUnitarioVenta) VALUES('aec55513-dd45-48f2-bec4-bcca2bfab16b','ba30c4c7-3da7-4e4b-877f-815e57ec8337','77d38d70-3c23-4809-ae04-eceaef0cb060',1,0);
INSERT INTO AjustesProductos (Id,ProductoId,AjusteId,Cantidad,PrecioUnitarioVenta) VALUES('7291f282-511b-4f82-9511-4f3e47a4a800','ef7380ec-5ae7-4c21-b5ad-e0f7f16063ef','31caaf7e-4b49-4590-8ad6-7e6b2600ed6d',1,0);
INSERT INTO AjustesProductos (Id,ProductoId,AjusteId,Cantidad,PrecioUnitarioVenta) VALUES('0decf318-725c-4e9d-b2ee-170c4314061f','bb0fe574-e04a-4839-8151-8ac59fdd3707','818820b0-3011-4969-b744-8a697f584ec2',1,0);
INSERT INTO AjustesProductos (Id,ProductoId,AjusteId,Cantidad,PrecioUnitarioVenta) VALUES('e7487a22-0c0d-4e8d-a2cf-d8151c95207a','f0d0fe74-0dab-4e25-9650-af5418354ee4','37f8dfa1-85b9-41fe-b84e-860c2c2e9f40',10,0);
INSERT INTO AjustesProductos (Id,ProductoId,AjusteId,Cantidad,PrecioUnitarioVenta) VALUES('b6bbdcb3-e74d-4ccd-9f7b-2ca2f6fe1887','bb0fe574-e04a-4839-8151-8ac59fdd3707','63d3baad-e31f-486f-89b7-010cbf5bd6dc',1,0);
INSERT INTO AjustesProductos (Id,ProductoId,AjusteId,Cantidad,PrecioUnitarioVenta) VALUES('25038878-62a4-4b4e-b8e6-40fdd9df4690','3443d25e-1fe3-491f-b666-7933700558e4','ea4fb230-2f0e-4e7e-9621-52979a8c4360',1,0);
INSERT INTO AjustesProductos (Id,ProductoId,AjusteId,Cantidad,PrecioUnitarioVenta) VALUES('1f42bad8-b38b-40dc-bbc0-ad7883d62791','a3a2da0f-7230-49fc-a49e-69577b8f749a','ea4fb230-2f0e-4e7e-9621-52979a8c4360',1,0);
INSERT INTO AjustesProductos (Id,ProductoId,AjusteId,Cantidad,PrecioUnitarioVenta) VALUES('e1c05b84-9391-4242-8dce-6c1dfc63422c','dfb571f5-6fb4-45bd-8275-1a3485a70d0f','1db94dea-b477-4cc7-b49e-1ecf74a0804d',4,0);
INSERT INTO AjustesProductos (Id,ProductoId,AjusteId,Cantidad,PrecioUnitarioVenta) VALUES('a1175b0e-1a58-4bbc-bb15-d69fa209adc9','1432c48e-8118-4931-b91a-8f3019efd1f7','99c0c9bb-c384-4782-bbd8-ae2be8e55bf5',1,0);
INSERT INTO AjustesProductos (Id,ProductoId,AjusteId,Cantidad,PrecioUnitarioVenta) VALUES('d3e14259-aaab-4e14-84c5-a7b4270e02b8','4ce17f59-3d41-491b-909a-d2004537a2d4','995e71a5-af2d-4f2d-a6fd-af49277e5eb0',1,0);
INSERT INTO AjustesProductos (Id,ProductoId,AjusteId,Cantidad,PrecioUnitarioVenta) VALUES('f5f5db05-8e48-484a-9477-fe89426af3dc','ef7380ec-5ae7-4c21-b5ad-e0f7f16063ef','9d257145-fce5-41c8-a960-f0d7a643f773',1,0);
INSERT INTO AjustesProductos (Id,ProductoId,AjusteId,Cantidad,PrecioUnitarioVenta) VALUES('f875218c-7b39-4b3d-bf1b-75beb87bba7f','dfb571f5-6fb4-45bd-8275-1a3485a70d0f','a5bb826c-5fcc-4ac3-93a2-eac1836bdf5c',2,0);
INSERT INTO AjustesProductos (Id,ProductoId,AjusteId,Cantidad,PrecioUnitarioVenta) VALUES('83fd6fed-2844-4424-b573-c798535fb684','48bd1420-88a4-4655-b80d-637c426c5b82','684ed601-63db-40d2-8f4e-00636cceaf9d',1,0);
INSERT INTO AjustesProductos (Id,ProductoId,AjusteId,Cantidad,PrecioUnitarioVenta) VALUES('401bf81b-b272-46e3-876d-f77bb5eec560','0bc7cb69-eedf-424a-8e52-2330f935b0e8','c64dece4-6033-4e01-9534-d3b18cda0296',1,0);
INSERT INTO AjustesProductos (Id,ProductoId,AjusteId,Cantidad,PrecioUnitarioVenta) VALUES('f07f077e-6642-4212-89a6-6523e6e03d2b','4789aea5-b530-4a40-8378-2d3b092b1754','2807eab0-0b5b-4fa3-8983-2bc8de5e392e',2,0);
INSERT INTO AjustesProductos (Id,ProductoId,AjusteId,Cantidad,PrecioUnitarioVenta) VALUES('21caa349-3ed9-4ef3-9e27-b1ac3a0911a5','ef7380ec-5ae7-4c21-b5ad-e0f7f16063ef','b1345eab-9a3b-4e12-9869-215cf4ae5708',1,0);
INSERT INTO AjustesProductos (Id,ProductoId,AjusteId,Cantidad,PrecioUnitarioVenta) VALUES('d582b1cf-e99c-49db-86cb-33a625826352','c19390ef-7795-44f9-b804-0c0c5ed311b8','d438e610-f467-46de-8961-48dbc71fd69c',1,0);
INSERT INTO AjustesProductos (Id,ProductoId,AjusteId,Cantidad,PrecioUnitarioVenta) VALUES('22164071-f1a2-404f-8c04-5876abf9e46f','1432c48e-8118-4931-b91a-8f3019efd1f7','435125de-8c7d-42c3-9d46-6921b0165acd',1,0);
INSERT INTO AjustesProductos (Id,ProductoId,AjusteId,Cantidad,PrecioUnitarioVenta) VALUES('05e59181-5516-4dea-a45d-889a96519627','418f8c47-fb8e-4b44-a17a-39c378bad358','adaf765d-bc23-449c-8965-bb8461ba7ee6',1,0);
INSERT INTO AjustesProductos (Id,ProductoId,AjusteId,Cantidad,PrecioUnitarioVenta) VALUES('4e630f02-3d8a-4627-b400-5d7446745336','2162a7ba-32b0-4552-b1c0-2ce026bd4d02','307ee673-1c7e-4339-86f2-19290474a5da',1,0);
INSERT INTO AjustesProductos (Id,ProductoId,AjusteId,Cantidad,PrecioUnitarioVenta) VALUES('5376c963-7e1b-474a-ac77-d0c646b46913','ea3e439c-350d-4d5f-8ee1-a9d4604e3430','98b297e9-e85e-4555-b15c-eb02777bb6f0',1,0);
INSERT INTO AjustesProductos (Id,ProductoId,AjusteId,Cantidad,PrecioUnitarioVenta) VALUES('b6c50da0-27da-4e0a-ae53-9c5b429c01a4','a3a2da0f-7230-49fc-a49e-69577b8f749a','41d44b50-4422-4833-b6e6-50252020fd53',1,0);
INSERT INTO AjustesProductos (Id,ProductoId,AjusteId,Cantidad,PrecioUnitarioVenta) VALUES('39cede0b-ce1f-417b-b098-70ecb2522fef','dfb571f5-6fb4-45bd-8275-1a3485a70d0f','4b9bfc4e-444c-4510-af9f-aeb2fecad979',2,0);
INSERT INTO AjustesProductos (Id,ProductoId,AjusteId,Cantidad,PrecioUnitarioVenta) VALUES('58c7a873-ca65-4586-b602-528a1723cba1','ea3e439c-350d-4d5f-8ee1-a9d4604e3430','b5fba39b-edea-46fe-9f44-3a4717bfb5a8',1,0);
INSERT INTO AjustesProductos (Id,ProductoId,AjusteId,Cantidad,PrecioUnitarioVenta) VALUES('4eb7192b-12d8-4b25-a38c-f9800cc8ac42','c19390ef-7795-44f9-b804-0c0c5ed311b8','8445be77-8a0e-4f9e-8154-5f6d85d467a6',1,0);
INSERT INTO AjustesProductos (Id,ProductoId,AjusteId,Cantidad,PrecioUnitarioVenta) VALUES('e72c3463-a9e4-4dd1-ba94-db2b0cc19477','bde7473b-c28b-444c-bf39-ba847051836f','4bde4a08-451e-4e7a-bf92-b9560be6d213',1,0);
INSERT INTO AjustesProductos (Id,ProductoId,AjusteId,Cantidad,PrecioUnitarioVenta) VALUES('0bb843d5-1d47-4d9c-8a9e-fe87f1f595be','530a23d1-4093-4736-bc93-51ffdd42a349','a3261e87-2d06-4927-9f58-565f796aa8ec',1,0);
INSERT INTO AjustesProductos (Id,ProductoId,AjusteId,Cantidad,PrecioUnitarioVenta) VALUES('10af0b79-b4fe-4acb-b33c-2e90b1c1c7eb','c19390ef-7795-44f9-b804-0c0c5ed311b8','9c288263-e33b-4423-a8fe-951087cc58b6',1,0);
INSERT INTO AjustesProductos (Id,ProductoId,AjusteId,Cantidad,PrecioUnitarioVenta) VALUES('a93a5c92-ad2c-44a4-b50b-9deadfee11d7','f0d0fe74-0dab-4e25-9650-af5418354ee4','6d590f62-96d8-4844-8271-0b5c925d66a7',2,0);
INSERT INTO AjustesProductos (Id,ProductoId,AjusteId,Cantidad,PrecioUnitarioVenta) VALUES('93bc8f02-380a-4cfd-a3e8-32e6bad8998e','dbff042b-1c5b-4328-82d5-d22b992fc095','689c9fff-d852-4921-9035-bb9bea693f8d',3,0);
INSERT INTO AjustesProductos (Id,ProductoId,AjusteId,Cantidad,PrecioUnitarioVenta) VALUES('47510588-be70-4c95-bde4-49d1166c44e4','b299faa8-9db9-4978-bc28-4eb9c51d0287','dbbb1c4b-1605-4c40-9795-b2c21fdb1f31',1,0);
INSERT INTO AjustesProductos (Id,ProductoId,AjusteId,Cantidad,PrecioUnitarioVenta) VALUES('d90db18a-5ee9-4e94-b2e9-6a35b742465d','ea3e439c-350d-4d5f-8ee1-a9d4604e3430','f2625bc6-8e78-4056-bcf3-a0bb7a6153f3',1,0);
INSERT INTO AjustesProductos (Id,ProductoId,AjusteId,Cantidad,PrecioUnitarioVenta) VALUES('f4bccca2-5509-4750-a64b-86193880a39e','f0d0fe74-0dab-4e25-9650-af5418354ee4','d71ae775-895a-4cf5-a7c1-276f4b9bfb56',17,0);
INSERT INTO AjustesProductos (Id,ProductoId,AjusteId,Cantidad,PrecioUnitarioVenta) VALUES('385d4026-3500-4d87-9349-eae0465fcd6e','ea3e439c-350d-4d5f-8ee1-a9d4604e3430','a843eb95-747f-41f7-b5b5-15ae5891ef9c',1,0);
INSERT INTO AjustesProductos (Id,ProductoId,AjusteId,Cantidad,PrecioUnitarioVenta) VALUES('02815d1b-53f1-4025-b1a2-9913b6d74c5b','ea3e439c-350d-4d5f-8ee1-a9d4604e3430','1869366a-887b-4e79-af24-72b374778d1f',2,0);
INSERT INTO AjustesProductos (Id,ProductoId,AjusteId,Cantidad,PrecioUnitarioVenta) VALUES('86c17545-c696-4966-89f2-d9f7b78dcc96','f0d0fe74-0dab-4e25-9650-af5418354ee4','8bfc7afa-cee1-400e-bac3-fb6a090ddc2a',6,0);
INSERT INTO AjustesProductos (Id,ProductoId,AjusteId,Cantidad,PrecioUnitarioVenta) VALUES('47249356-b780-46c4-8f83-5f99334582f1','f0d0fe74-0dab-4e25-9650-af5418354ee4','37743aea-104a-46c1-accb-0b445668ebe8',1,0);
INSERT INTO AjustesProductos (Id,ProductoId,AjusteId,Cantidad,PrecioUnitarioVenta) VALUES('c4453ffc-f2f1-42a4-9c94-2959d1cc55e6','4ce17f59-3d41-491b-909a-d2004537a2d4','1f8a6726-9eb0-4c6f-8d01-8a3b48f1657c',1,0);
INSERT INTO AjustesProductos (Id,ProductoId,AjusteId,Cantidad,PrecioUnitarioVenta) VALUES('cddb5a8e-fe2a-43c0-acd8-cde0a7de72af','bde7473b-c28b-444c-bf39-ba847051836f','1f8a6726-9eb0-4c6f-8d01-8a3b48f1657c',1,0);
INSERT INTO AjustesProductos (Id,ProductoId,AjusteId,Cantidad,PrecioUnitarioVenta) VALUES('f9e9c796-48d0-4dec-a0f7-eb39c53ab9ea','b6444bdf-9a32-401c-9436-394375b441e5','5abc224b-cff3-4315-85a6-4c0e2a254c3d',1,0);
INSERT INTO AjustesProductos (Id,ProductoId,AjusteId,Cantidad,PrecioUnitarioVenta) VALUES('efc55b99-f806-4b7e-96df-95b5474f42e7','f0d0fe74-0dab-4e25-9650-af5418354ee4','05df1945-11c0-465f-bfd5-b76d73277d3c',8,0);
INSERT INTO AjustesProductos (Id,ProductoId,AjusteId,Cantidad,PrecioUnitarioVenta) VALUES('257cf28e-286f-4df3-993f-dd38be0094d2','12e5d183-d6b0-40ef-b565-2670fef038bc','454dd37a-d8d9-4b8f-87df-8e07c6ce54b8',10,0);
INSERT INTO AjustesProductos (Id,ProductoId,AjusteId,Cantidad,PrecioUnitarioVenta) VALUES('380417a3-d773-4613-9d93-3bddb2386a83','6527e6a1-448a-424e-b493-a36806426bda','796d2043-ec74-471e-badb-3b7c74ff8864',1,0);
INSERT INTO AjustesProductos (Id,ProductoId,AjusteId,Cantidad,PrecioUnitarioVenta) VALUES('4f546237-4d49-4cb6-acbc-b70891f6e19c','f0d0fe74-0dab-4e25-9650-af5418354ee4','796d2043-ec74-471e-badb-3b7c74ff8864',1,0);
INSERT INTO AjustesProductos (Id,ProductoId,AjusteId,Cantidad,PrecioUnitarioVenta) VALUES('bf1f8edd-71eb-4ab4-bab0-042292f97d29','f0d0fe74-0dab-4e25-9650-af5418354ee4','d11a654f-3b84-48be-84e4-edf797acddd5',8,0);
INSERT INTO AjustesProductos (Id,ProductoId,AjusteId,Cantidad,PrecioUnitarioVenta) VALUES('712083fc-29dc-4dce-9304-984fd3972d44','f0d0fe74-0dab-4e25-9650-af5418354ee4','ec37035b-82c1-42d9-8f24-da39063c0cc9',2,0);
INSERT INTO AjustesProductos (Id,ProductoId,AjusteId,Cantidad,PrecioUnitarioVenta) VALUES('bdae24be-27cc-4784-97f4-3cf3ab0c97f5','dbff042b-1c5b-4328-82d5-d22b992fc095','4ce68ce7-763b-4d2e-bc41-a08e4d309728',3,0);
INSERT INTO AjustesProductos (Id,ProductoId,AjusteId,Cantidad,PrecioUnitarioVenta) VALUES('d5f07847-02f6-410c-be4d-b5c286b5ee25','f0d0fe74-0dab-4e25-9650-af5418354ee4','da84252c-f557-43a4-a82e-b8baa6f7e97d',3,0);
INSERT INTO AjustesProductos (Id,ProductoId,AjusteId,Cantidad,PrecioUnitarioVenta) VALUES('fb8d284b-9ca2-4d19-9fb2-c26a7796cce1','b945dd4e-a9b0-452c-ab98-8ee836dcafc4','b6249970-47ab-4b15-a824-d6e4785b2618',1,0);
INSERT INTO AjustesProductos (Id,ProductoId,AjusteId,Cantidad,PrecioUnitarioVenta) VALUES('00f01275-2fc4-4c82-a7ff-f0f1438db4f8','c19390ef-7795-44f9-b804-0c0c5ed311b8','b6249970-47ab-4b15-a824-d6e4785b2618',1,0);
INSERT INTO AjustesProductos (Id,ProductoId,AjusteId,Cantidad,PrecioUnitarioVenta) VALUES('0f82f936-b983-4f4c-8245-f436d789dd0a','97b852b4-0b94-4ab1-b0b0-75daf7f0688f','5ba7210f-f358-46f1-9d83-5b3c0dbd9072',1,0);
INSERT INTO AjustesProductos (Id,ProductoId,AjusteId,Cantidad,PrecioUnitarioVenta) VALUES('ac9335e6-7ffe-4483-802f-1beeac0f2f5e','c19390ef-7795-44f9-b804-0c0c5ed311b8','6d2f9813-1867-4b32-98c4-62b19517ab8c',3,0);
INSERT INTO AjustesProductos (Id,ProductoId,AjusteId,Cantidad,PrecioUnitarioVenta) VALUES('08491364-dc48-407b-93b5-f49f30c36628','32132066-0ea1-43ec-a5e2-26cbe8dc2e01','c9e91fdf-fa68-427d-b079-bd6f6c8b1dbb',1,0);
INSERT INTO AjustesProductos (Id,ProductoId,AjusteId,Cantidad,PrecioUnitarioVenta) VALUES('28d1b088-c25e-45cb-9c15-8e3cb54d9892','dfb571f5-6fb4-45bd-8275-1a3485a70d0f','2dc51eb3-d9ce-4d94-b8f4-57d1cc52fd02',2,0);
INSERT INTO AjustesProductos (Id,ProductoId,AjusteId,Cantidad,PrecioUnitarioVenta) VALUES('e5d3f1cb-9f18-4434-b071-039365b8819b','ea3e439c-350d-4d5f-8ee1-a9d4604e3430','2dc51eb3-d9ce-4d94-b8f4-57d1cc52fd02',1,0);
INSERT INTO AjustesProductos (Id,ProductoId,AjusteId,Cantidad,PrecioUnitarioVenta) VALUES('6d6833e9-9ec7-42ae-8fc7-e58871000f3f','f0d0fe74-0dab-4e25-9650-af5418354ee4','2dc51eb3-d9ce-4d94-b8f4-57d1cc52fd02',2,0);
INSERT INTO AjustesProductos (Id,ProductoId,AjusteId,Cantidad,PrecioUnitarioVenta) VALUES('619b716e-b81c-4b94-8e75-703dc1f94043','f10fd3f5-ae22-4447-88ae-e67233a20731','d9939486-114f-436b-b703-522d60884487',2,0);
INSERT INTO AjustesProductos (Id,ProductoId,AjusteId,Cantidad,PrecioUnitarioVenta) VALUES('ac07fe1c-7160-443e-ba86-5d37e8478c5f','2d706189-ec9c-40e4-83c2-047cb2076369','d9939486-114f-436b-b703-522d60884487',1,0);
INSERT INTO AjustesProductos (Id,ProductoId,AjusteId,Cantidad,PrecioUnitarioVenta) VALUES('d40c3474-d0ba-4a51-8b0b-b4e4e6cb04da','8b682924-3250-4ad4-9ab6-410fcdb4dcc4','d9939486-114f-436b-b703-522d60884487',1,0);
INSERT INTO AjustesProductos (Id,ProductoId,AjusteId,Cantidad,PrecioUnitarioVenta) VALUES('e2090548-ea59-4c59-a833-cfa628b40318','1be3ea96-2f38-4d5d-a400-8f20d1acef94','d9939486-114f-436b-b703-522d60884487',1,0);
INSERT INTO AjustesProductos (Id,ProductoId,AjusteId,Cantidad,PrecioUnitarioVenta) VALUES('d0450580-2f87-4e45-9477-b69303715e47','a2847fbf-2516-4896-b2dd-a654182a83c6','f4e29cbe-4ec0-42a8-b42e-3539bcdc1905',2,0);
INSERT INTO AjustesProductos (Id,ProductoId,AjusteId,Cantidad,PrecioUnitarioVenta) VALUES('04b23ffb-793e-4a87-a7ee-49815d8d7fa7','dfb571f5-6fb4-45bd-8275-1a3485a70d0f','2f56e482-cde4-46eb-8e7c-0979f3fc5639',1,0);
INSERT INTO AjustesProductos (Id,ProductoId,AjusteId,Cantidad,PrecioUnitarioVenta) VALUES('3de4e352-e0bc-4360-a4cd-d1e9219be843','e54c9a0a-8ced-4e96-9d25-51b967c38663','50f71824-73a7-44da-8b4d-ce99095da89c',2,0);
INSERT INTO AjustesProductos (Id,ProductoId,AjusteId,Cantidad,PrecioUnitarioVenta) VALUES('f2e15f9c-f348-4995-92f3-a70d0f823573','bf294675-135a-473f-af0f-73acc3616920','a73e3f43-5879-46fd-80aa-366c7dcdbcfb',1,0);
INSERT INTO AjustesProductos (Id,ProductoId,AjusteId,Cantidad,PrecioUnitarioVenta) VALUES('c84de344-e409-45a2-847a-cd01b5cfdd84','4789aea5-b530-4a40-8378-2d3b092b1754','a73e3f43-5879-46fd-80aa-366c7dcdbcfb',1,0);
INSERT INTO AjustesProductos (Id,ProductoId,AjusteId,Cantidad,PrecioUnitarioVenta) VALUES('ae380d65-eea5-4b23-8372-161b7c771bbb','f0d0fe74-0dab-4e25-9650-af5418354ee4','50a7de5c-2fe4-4ea3-94aa-dc16308e035b',8,0);
INSERT INTO AjustesProductos (Id,ProductoId,AjusteId,Cantidad,PrecioUnitarioVenta) VALUES('5c98cce5-0e07-4d12-aa5c-072d15c58cd3','dfb571f5-6fb4-45bd-8275-1a3485a70d0f','a1c5b3b6-e016-4514-a541-d0254dbb36e3',1,0);
INSERT INTO AjustesProductos (Id,ProductoId,AjusteId,Cantidad,PrecioUnitarioVenta) VALUES('57f8576f-8cea-48e4-82a4-4cfcbd70650a','a5560c41-6842-4167-b2ca-6f51d6591df2','ed4eb1cd-0aa3-47f9-9861-55fa1e6d7cc9',1,0);
INSERT INTO AjustesProductos (Id,ProductoId,AjusteId,Cantidad,PrecioUnitarioVenta) VALUES('9fd32184-e7bd-46e2-82d8-c8e446901eef','dc202adb-9793-46f8-9b4b-227e2376f4c5','c2e9a224-01fa-4fad-829e-f8b630ad6e79',1,0);
INSERT INTO AjustesProductos (Id,ProductoId,AjusteId,Cantidad,PrecioUnitarioVenta) VALUES('333a8d05-7cf3-4db2-b86f-84cd961cfa87','dfb571f5-6fb4-45bd-8275-1a3485a70d0f','c2e9a224-01fa-4fad-829e-f8b630ad6e79',2,0);
INSERT INTO AjustesProductos (Id,ProductoId,AjusteId,Cantidad,PrecioUnitarioVenta) VALUES('f45142dd-96c4-4118-9e86-c8889260573c','f32dd0e9-c276-4540-a4e9-2a5618768fd2','c2e9a224-01fa-4fad-829e-f8b630ad6e79',3,0);
INSERT INTO AjustesProductos (Id,ProductoId,AjusteId,Cantidad,PrecioUnitarioVenta) VALUES('203b0867-03d6-405d-8eeb-48b5e41c235a','7c865d37-6ac9-49be-bf6f-94555ea5a7cf','7dfc6924-6497-4305-ac41-1835b470dd7c',1,0);
INSERT INTO AjustesProductos (Id,ProductoId,AjusteId,Cantidad,PrecioUnitarioVenta) VALUES('fece0086-eb28-4f5c-8dff-6568f93fe29f','f0d0fe74-0dab-4e25-9650-af5418354ee4','dbc7502a-b04b-4542-9f6e-abb62b7165a3',3,0);
INSERT INTO AjustesProductos (Id,ProductoId,AjusteId,Cantidad,PrecioUnitarioVenta) VALUES('df66f9eb-875d-437b-92c4-2f24b864f53f','f0d0fe74-0dab-4e25-9650-af5418354ee4','cc4e1f42-3b44-4d62-a0b1-3a05670a2adc',1,0);
INSERT INTO AjustesProductos (Id,ProductoId,AjusteId,Cantidad,PrecioUnitarioVenta) VALUES('cb0e6cd4-5710-4405-ade2-e5f02c302fec','09b1dabf-a2f5-4b5b-ad31-e0785f91a855','14392b34-eb44-4b43-9f55-865727976f37',1,0);
INSERT INTO AjustesProductos (Id,ProductoId,AjusteId,Cantidad,PrecioUnitarioVenta) VALUES('f5866dfc-85bb-4645-ada7-dc30f3ba0ead','f0d0fe74-0dab-4e25-9650-af5418354ee4','3d1050da-9df9-47a4-84a9-deb95f90721b',2,0);
INSERT INTO AjustesProductos (Id,ProductoId,AjusteId,Cantidad,PrecioUnitarioVenta) VALUES('8dc6fc29-a7e2-402a-811c-b0ab46d9d586','60cbeec6-b26f-4e5b-bd97-edb1fd0339bf','72e684d3-7cae-44fd-9aa2-f42372ce6cdf',1,0);


UPDATE AjustesProductos SET PrecioUnitarioVenta = (SELECT PrecioVenta FROM PreciosProductos pp WHERE ProductoId = pp.ProductoId ORDER BY datetime(pp.FechaCreado) DESC LIMIT 1);